Area Name,Total/Rural/Urban,Availability of separate kitchen,Fire-wood,Crop residue,Cowdung cake,"Coal,Lignite,Charcoal",Kerosene,LPG/PNG,Electricity,Biogas,Any other,No cooking,Total number of households
INDIA,Total,Total,120878598,21837423,19609369,3577088,7164634,70425518,235548,1018990,1196071,796989,246740228
INDIA,Total,Cooking inside house:,100602578,17119096,16939796,3222602,6885159,68593142,213772,953723,926206,0,215456074
INDIA,Total,Has Kitchen,55953580,6564738,5840120,1435573,4506165,61965930,157657,822124,387749,0,137633636
INDIA,Total,Does not have kitchen,44648998,10554358,11099676,1787029,2378994,6627212,56115,131599,538457,0,77822438
INDIA,Total,Cooking outside house:,20276020,4718327,2669573,354486,279475,1832376,21776,65267,269865,0,30487165
INDIA,Total,Has Kitchen,8557368,2415556,1252191,163581,117618,941966,9163,33922,109510,0,13600875
INDIA,Total,Does not have kitchen,11718652,2302771,1417382,190905,161857,890410,12613,31345,160355,0,16886290
INDIA,Total,No Cooking,0,0,0,0,0,0,0,0,0,796989,796989
INDIA,Rural,Total,105008182,20697446,18252507,1299021,1229521,19139986,118051,694396,1040550,394631,167874291
INDIA,Rural,Cooking inside house:,86568599,16136780,15721876,1105150,1102923,17737406,98933,635961,789890,0,139897518
INDIA,Rural,Has Kitchen,47291919,6037093,5365273,514929,748642,15400902,59987,538492,320353,0,76277590
INDIA,Rural,Does not have kitchen,39276680,10099687,10356603,590221,354281,2336504,38946,97469,469537,0,63619928
INDIA,Rural,Cooking outside house:,18439583,4560666,2530631,193871,126598,1402580,19118,58435,250660,0,27582142
INDIA,Rural,Has Kitchen,7798267,2339066,1190743,100933,54857,680988,7712,29862,103021,0,12305449
INDIA,Rural,Does not have kitchen,10641316,2221600,1339888,92938,71741,721592,11406,28573,147639,0,15276693
INDIA,Rural,No Cooking,0,0,0,0,0,0,0,0,0,394631,394631
INDIA,Urban,Total,15870416,1139977,1356862,2278067,5935113,51285532,117497,324594,155521,402358,78865937
INDIA,Urban,Cooking inside house:,14033979,982316,1217920,2117452,5782236,50855736,114839,317762,136316,0,75558556
INDIA,Urban,Has Kitchen,8661661,527645,474847,920644,3757523,46565028,97670,283632,67396,0,61356046
INDIA,Urban,Does not have kitchen,5372318,454671,743073,1196808,2024713,4290708,17169,34130,68920,0,14202510
INDIA,Urban,Cooking outside house:,1836437,157661,138942,160615,152877,429796,2658,6832,19205,0,2905023
INDIA,Urban,Has Kitchen,759101,76490,61448,62648,62761,260978,1451,4060,6489,0,1295426
INDIA,Urban,Does not have kitchen,1077336,81171,77494,97967,90116,168818,1207,2772,12716,0,1609597
INDIA,Urban,No Cooking,0,0,0,0,0,0,0,0,0,402358,402358
STATE - JAMMU & KASHMIR,Total,Total,1187122,51077,84509,791,25683,635867,6956,15471,3653,3959,2015088
STATE - JAMMU & KASHMIR,Total,Cooking inside house:,1014805,44315,66367,497,24168,606856,6679,14707,2810,0,1781204
STATE - JAMMU & KASHMIR,Total,Has Kitchen,857956,34907,58454,372,19139,581250,6176,13459,1977,0,1573690
STATE - JAMMU & KASHMIR,Total,Does not have kitchen,156849,9408,7913,125,5029,25606,503,1248,833,0,207514
STATE - JAMMU & KASHMIR,Total,Cooking outside house:,172317,6762,18142,294,1515,29011,277,764,843,0,229925
STATE - JAMMU & KASHMIR,Total,Has Kitchen,112865,4105,12773,220,753,20905,177,483,540,0,152821
STATE - JAMMU & KASHMIR,Total,Does not have kitchen,59452,2657,5369,74,762,8106,100,281,303,0,77104
STATE - JAMMU & KASHMIR,Total,No Cooking,0,0,0,0,0,0,0,0,0,3959,3959
STATE - JAMMU & KASHMIR,Rural,Total,1105672,45341,78033,599,7447,244423,1701,8974,3432,2298,1497920
STATE - JAMMU & KASHMIR,Rural,Cooking inside house:,941911,39076,60663,352,6687,219968,1504,8284,2609,0,1281054
STATE - JAMMU & KASHMIR,Rural,Has Kitchen,795022,30606,53323,259,5293,205087,1280,7210,1804,0,1099884
STATE - JAMMU & KASHMIR,Rural,Does not have kitchen,146889,8470,7340,93,1394,14881,224,1074,805,0,181170
STATE - JAMMU & KASHMIR,Rural,Cooking outside house:,163761,6265,17370,247,760,24455,197,690,823,0,214568
STATE - JAMMU & KASHMIR,Rural,Has Kitchen,107581,3689,12167,181,314,17143,117,438,528,0,142158
STATE - JAMMU & KASHMIR,Rural,Does not have kitchen,56180,2576,5203,66,446,7312,80,252,295,0,72410
STATE - JAMMU & KASHMIR,Rural,No Cooking,0,0,0,0,0,0,0,0,0,2298,2298
STATE - JAMMU & KASHMIR,Urban,Total,81450,5736,6476,192,18236,391444,5255,6497,221,1661,517168
STATE - JAMMU & KASHMIR,Urban,Cooking inside house:,72894,5239,5704,145,17481,386888,5175,6423,201,0,500150
STATE - JAMMU & KASHMIR,Urban,Has Kitchen,62934,4301,5131,113,13846,376163,4896,6249,173,0,473806
STATE - JAMMU & KASHMIR,Urban,Does not have kitchen,9960,938,573,32,3635,10725,279,174,28,0,26344
STATE - JAMMU & KASHMIR,Urban,Cooking outside house:,8556,497,772,47,755,4556,80,74,20,0,15357
STATE - JAMMU & KASHMIR,Urban,Has Kitchen,5284,416,606,39,439,3762,60,45,12,0,10663
STATE - JAMMU & KASHMIR,Urban,Does not have kitchen,3272,81,166,8,316,794,20,29,8,0,4694
STATE - JAMMU & KASHMIR,Urban,No Cooking,0,0,0,0,0,0,0,0,0,1661,1661
STATE - HIMACHAL PRADESH,Total,Total,849684,15753,2355,363,30792,569556,2184,1266,325,4303,1476581
STATE - HIMACHAL PRADESH,Total,Cooking inside house:,719799,11513,1927,289,28987,528855,2061,1108,288,0,1294827
STATE - HIMACHAL PRADESH,Total,Has Kitchen,637031,10459,1406,220,17410,500242,1635,1060,194,0,1169657
STATE - HIMACHAL PRADESH,Total,Does not have kitchen,82768,1054,521,69,11577,28613,426,48,94,0,125170
STATE - HIMACHAL PRADESH,Total,Cooking outside house:,129885,4240,428,74,1805,40701,123,158,37,0,177451
STATE - HIMACHAL PRADESH,Total,Has Kitchen,100001,695,302,48,698,31133,49,111,19,0,133056
STATE - HIMACHAL PRADESH,Total,Does not have kitchen,29884,3545,126,26,1107,9568,74,47,18,0,44395
STATE - HIMACHAL PRADESH,Total,No Cooking,0,0,0,0,0,0,0,0,0,4303,4303
STATE - HIMACHAL PRADESH,Rural,Total,838475,14554,2220,328,20928,428236,1297,1097,250,3153,1310538
STATE - HIMACHAL PRADESH,Rural,Cooking inside house:,710221,10345,1806,260,19447,388578,1178,940,214,0,1132989
STATE - HIMACHAL PRADESH,Rural,Has Kitchen,629671,9394,1310,197,11494,366329,871,905,157,0,1020328
STATE - HIMACHAL PRADESH,Rural,Does not have kitchen,80550,951,496,63,7953,22249,307,35,57,0,112661
STATE - HIMACHAL PRADESH,Rural,Cooking outside house:,128254,4209,414,68,1481,39658,119,157,36,0,174396
STATE - HIMACHAL PRADESH,Rural,Has Kitchen,99153,678,288,43,589,30331,46,111,18,0,131257
STATE - HIMACHAL PRADESH,Rural,Does not have kitchen,29101,3531,126,25,892,9327,73,46,18,0,43139
STATE - HIMACHAL PRADESH,Rural,No Cooking,0,0,0,0,0,0,0,0,0,3153,3153
STATE - HIMACHAL PRADESH,Urban,Total,11209,1199,135,35,9864,141320,887,169,75,1150,166043
STATE - HIMACHAL PRADESH,Urban,Cooking inside house:,9578,1168,121,29,9540,140277,883,168,74,0,161838
STATE - HIMACHAL PRADESH,Urban,Has Kitchen,7360,1065,96,23,5916,133913,764,155,37,0,149329
STATE - HIMACHAL PRADESH,Urban,Does not have kitchen,2218,103,25,6,3624,6364,119,13,37,0,12509
STATE - HIMACHAL PRADESH,Urban,Cooking outside house:,1631,31,14,6,324,1043,4,1,1,0,3055
STATE - HIMACHAL PRADESH,Urban,Has Kitchen,848,17,14,5,109,802,3,0,1,0,1799
STATE - HIMACHAL PRADESH,Urban,Does not have kitchen,783,14,0,1,215,241,1,1,0,0,1256
STATE - HIMACHAL PRADESH,Urban,No Cooking,0,0,0,0,0,0,0,0,0,1150,1150
STATE - PUNJAB,Total,Total,722060,352899,1103527,10297,173511,2949753,1373,75041,3374,17864,5409699
STATE - PUNJAB,Total,Cooking inside house:,661468,312213,1013799,9125,165976,2890186,1268,72091,2814,0,5128940
STATE - PUNJAB,Total,Has Kitchen,348900,114482,549213,4052,67903,2651900,789,67214,1263,0,3805716
STATE - PUNJAB,Total,Does not have kitchen,312568,197731,464586,5073,98073,238286,479,4877,1551,0,1323224
STATE - PUNJAB,Total,Cooking outside house:,60592,40686,89728,1172,7535,59567,105,2950,560,0,262895
STATE - PUNJAB,Total,Has Kitchen,19669,15283,28546,423,1658,24340,39,1466,48,0,91472
STATE - PUNJAB,Total,Does not have kitchen,40923,25403,61182,749,5877,35227,66,1484,512,0,171423
STATE - PUNJAB,Total,No Cooking,0,0,0,0,0,0,0,0,0,17864,17864
STATE - PUNJAB,Rural,Total,564549,325900,1009983,4400,50352,1288131,969,58333,2338,10677,3315632
STATE - PUNJAB,Rural,Cooking inside house:,515266,288150,926086,3685,46892,1241152,880,55761,1976,0,3079848
STATE - PUNJAB,Rural,Has Kitchen,277104,103896,507921,1912,20574,1119760,538,52344,845,0,2084894
STATE - PUNJAB,Rural,Does not have kitchen,238162,184254,418165,1773,26318,121392,342,3417,1131,0,994954
STATE - PUNJAB,Rural,Cooking outside house:,49283,37750,83897,715,3460,46979,89,2572,362,0,225107
STATE - PUNJAB,Rural,Has Kitchen,16815,14132,26857,309,691,17571,31,1215,36,0,77657
STATE - PUNJAB,Rural,Does not have kitchen,32468,23618,57040,406,2769,29408,58,1357,326,0,147450
STATE - PUNJAB,Rural,No Cooking,0,0,0,0,0,0,0,0,0,10677,10677
STATE - PUNJAB,Urban,Total,157511,26999,93544,5897,123159,1661622,404,16708,1036,7187,2094067
STATE - PUNJAB,Urban,Cooking inside house:,146202,24063,87713,5440,119084,1649034,388,16330,838,0,2049092
STATE - PUNJAB,Urban,Has Kitchen,71796,10586,41292,2140,47329,1532140,251,14870,418,0,1720822
STATE - PUNJAB,Urban,Does not have kitchen,74406,13477,46421,3300,71755,116894,137,1460,420,0,328270
STATE - PUNJAB,Urban,Cooking outside house:,11309,2936,5831,457,4075,12588,16,378,198,0,37788
STATE - PUNJAB,Urban,Has Kitchen,2854,1151,1689,114,967,6769,8,251,12,0,13815
STATE - PUNJAB,Urban,Does not have kitchen,8455,1785,4142,343,3108,5819,8,127,186,0,23973
STATE - PUNJAB,Urban,No Cooking,0,0,0,0,0,0,0,0,0,7187,7187
STATE - CHANDIGARH,Total,Total,10915,612,480,184,51507,168344,65,147,263,2544,235061
STATE - CHANDIGARH,Total,Cooking inside house:,8321,587,428,155,48661,167645,63,145,258,0,226263
STATE - CHANDIGARH,Total,Has Kitchen,3792,469,218,66,16289,151015,32,120,95,0,172096
STATE - CHANDIGARH,Total,Does not have kitchen,4529,118,210,89,32372,16630,31,25,163,0,54167
STATE - CHANDIGARH,Total,Cooking outside house:,2594,25,52,29,2846,699,2,2,5,0,6254
STATE - CHANDIGARH,Total,Has Kitchen,389,6,13,0,263,313,1,0,2,0,987
STATE - CHANDIGARH,Total,Does not have kitchen,2205,19,39,29,2583,386,1,2,3,0,5267
STATE - CHANDIGARH,Total,No Cooking,0,0,0,0,0,0,0,0,0,2544,2544
STATE - CHANDIGARH,Rural,Total,750,8,66,3,1222,4553,2,6,4,171,6785
STATE - CHANDIGARH,Rural,Cooking inside house:,370,3,54,3,1178,4494,2,6,3,0,6113
STATE - CHANDIGARH,Rural,Has Kitchen,98,1,47,1,167,3069,1,5,0,0,3389
STATE - CHANDIGARH,Rural,Does not have kitchen,272,2,7,2,1011,1425,1,1,3,0,2724
STATE - CHANDIGARH,Rural,Cooking outside house:,380,5,12,0,44,59,0,0,1,0,501
STATE - CHANDIGARH,Rural,Has Kitchen,7,0,0,0,3,17,0,0,0,0,27
STATE - CHANDIGARH,Rural,Does not have kitchen,373,5,12,0,41,42,0,0,1,0,474
STATE - CHANDIGARH,Rural,No Cooking,0,0,0,0,0,0,0,0,0,171,171
STATE - CHANDIGARH,Urban,Total,10165,604,414,181,50285,163791,63,141,259,2373,228276
STATE - CHANDIGARH,Urban,Cooking inside house:,7951,584,374,152,47483,163151,61,139,255,0,220150
STATE - CHANDIGARH,Urban,Has Kitchen,3694,468,171,65,16122,147946,31,115,95,0,168707
STATE - CHANDIGARH,Urban,Does not have kitchen,4257,116,203,87,31361,15205,30,24,160,0,51443
STATE - CHANDIGARH,Urban,Cooking outside house:,2214,20,40,29,2802,640,2,2,4,0,5753
STATE - CHANDIGARH,Urban,Has Kitchen,382,6,13,0,260,296,1,0,2,0,960
STATE - CHANDIGARH,Urban,Does not have kitchen,1832,14,27,29,2542,344,1,2,2,0,4793
STATE - CHANDIGARH,Urban,No Cooking,0,0,0,0,0,0,0,0,0,2373,2373
STATE - UTTARAKHAND,Total,Total,972074,25430,63188,1211,35676,883286,806,9460,699,5238,1997068
STATE - UTTARAKHAND,Total,Cooking inside house:,793409,20074,43522,828,33985,855896,726,7998,608,0,1757046
STATE - UTTARAKHAND,Total,Has Kitchen,445861,12155,16491,472,17721,774630,515,7411,322,0,1275578
STATE - UTTARAKHAND,Total,Does not have kitchen,347548,7919,27031,356,16264,81266,211,587,286,0,481468
STATE - UTTARAKHAND,Total,Cooking outside house:,178665,5356,19666,383,1691,27390,80,1462,91,0,234784
STATE - UTTARAKHAND,Total,Has Kitchen,96890,2314,5820,253,661,17846,35,1269,22,0,125110
STATE - UTTARAKHAND,Total,Does not have kitchen,81775,3042,13846,130,1030,9544,45,193,69,0,109674
STATE - UTTARAKHAND,Total,No Cooking,0,0,0,0,0,0,0,0,0,5238,5238
STATE - UTTARAKHAND,Rural,Total,889073,21402,54979,801,12954,412972,584,8866,365,2849,1404845
STATE - UTTARAKHAND,Rural,Cooking inside house:,721796,16376,36866,492,12178,390507,512,7445,311,0,1186483
STATE - UTTARAKHAND,Rural,Has Kitchen,410199,9712,13697,291,6235,339730,358,6916,177,0,787315
STATE - UTTARAKHAND,Rural,Does not have kitchen,311597,6664,23169,201,5943,50777,154,529,134,0,399168
STATE - UTTARAKHAND,Rural,Cooking outside house:,167277,5026,18113,309,776,22465,72,1421,54,0,215513
STATE - UTTARAKHAND,Rural,Has Kitchen,92763,2119,5271,219,308,14595,31,1248,15,0,116569
STATE - UTTARAKHAND,Rural,Does not have kitchen,74514,2907,12842,90,468,7870,41,173,39,0,98944
STATE - UTTARAKHAND,Rural,No Cooking,0,0,0,0,0,0,0,0,0,2849,2849
STATE - UTTARAKHAND,Urban,Total,83001,4028,8209,410,22722,470314,222,594,334,2389,592223
STATE - UTTARAKHAND,Urban,Cooking inside house:,71613,3698,6656,336,21807,465389,214,553,297,0,570563
STATE - UTTARAKHAND,Urban,Has Kitchen,35662,2443,2794,181,11486,434900,157,495,145,0,488263
STATE - UTTARAKHAND,Urban,Does not have kitchen,35951,1255,3862,155,10321,30489,57,58,152,0,82300
STATE - UTTARAKHAND,Urban,Cooking outside house:,11388,330,1553,74,915,4925,8,41,37,0,19271
STATE - UTTARAKHAND,Urban,Has Kitchen,4127,195,549,34,353,3251,4,21,7,0,8541
STATE - UTTARAKHAND,Urban,Does not have kitchen,7261,135,1004,40,562,1674,4,20,30,0,10730
STATE - UTTARAKHAND,Urban,No Cooking,0,0,0,0,0,0,0,0,0,2389,2389
STATE - HARYANA,Total,Total,1228813,665018,670240,5021,47290,2075925,1384,11722,2986,9555,4717954
STATE - HARYANA,Total,Cooking inside house:,1063030,574158,565913,3943,44245,2021116,1181,10875,2275,0,4286736
STATE - HARYANA,Total,Has Kitchen,572600,313121,281867,1609,18048,1810098,725,9513,826,0,3008407
STATE - HARYANA,Total,Does not have kitchen,490430,261037,284046,2334,26197,211018,456,1362,1449,0,1278329
STATE - HARYANA,Total,Cooking outside house:,165783,90860,104327,1078,3045,54809,203,847,711,0,421663
STATE - HARYANA,Total,Has Kitchen,41851,28823,29981,508,841,24850,52,390,60,0,127356
STATE - HARYANA,Total,Does not have kitchen,123932,62037,74346,570,2204,29959,151,457,651,0,294307
STATE - HARYANA,Total,No Cooking,0,0,0,0,0,0,0,0,0,9555,9555
STATE - HARYANA,Rural,Total,1015402,623040,582273,2336,11611,716262,909,8344,1100,4776,2966053
STATE - HARYANA,Rural,Cooking inside house:,876602,536507,487761,1659,10325,675067,731,7687,897,0,2597236
STATE - HARYANA,Rural,Has Kitchen,484291,288541,245878,744,4946,596040,394,6920,355,0,1628109
STATE - HARYANA,Rural,Does not have kitchen,392311,247966,241883,915,5379,79027,337,767,542,0,969127
STATE - HARYANA,Rural,Cooking outside house:,138800,86533,94512,677,1286,41195,178,657,203,0,364041
STATE - HARYANA,Rural,Has Kitchen,36983,26642,27175,302,327,16596,42,306,39,0,108412
STATE - HARYANA,Rural,Does not have kitchen,101817,59891,67337,375,959,24599,136,351,164,0,255629
STATE - HARYANA,Rural,No Cooking,0,0,0,0,0,0,0,0,0,4776,4776
STATE - HARYANA,Urban,Total,213411,41978,87967,2685,35679,1359663,475,3378,1886,4779,1751901
STATE - HARYANA,Urban,Cooking inside house:,186428,37651,78152,2284,33920,1346049,450,3188,1378,0,1689500
STATE - HARYANA,Urban,Has Kitchen,88309,24580,35989,865,13102,1214058,331,2593,471,0,1380298
STATE - HARYANA,Urban,Does not have kitchen,98119,13071,42163,1419,20818,131991,119,595,907,0,309202
STATE - HARYANA,Urban,Cooking outside house:,26983,4327,9815,401,1759,13614,25,190,508,0,57622
STATE - HARYANA,Urban,Has Kitchen,4868,2181,2806,206,514,8254,10,84,21,0,18944
STATE - HARYANA,Urban,Does not have kitchen,22115,2146,7009,195,1245,5360,15,106,487,0,38678
STATE - HARYANA,Urban,No Cooking,0,0,0,0,0,0,0,0,0,4779,4779
STATE - NCT OF DELHI,Total,Total,112291,9094,19487,4476,175443,3003996,1335,3017,1866,9533,3340538
STATE - NCT OF DELHI,Total,Cooking inside house:,92224,8061,16422,3585,168681,2989563,1296,2977,1678,0,3284487
STATE - NCT OF DELHI,Total,Has Kitchen,39452,4889,6211,877,29065,2549467,530,2295,634,0,2633420
STATE - NCT OF DELHI,Total,Does not have kitchen,52772,3172,10211,2708,139616,440096,766,682,1044,0,651067
STATE - NCT OF DELHI,Total,Cooking outside house:,20067,1033,3065,891,6762,14433,39,40,188,0,46518
STATE - NCT OF DELHI,Total,Has Kitchen,1761,579,590,98,1041,5576,7,14,13,0,9679
STATE - NCT OF DELHI,Total,Does not have kitchen,18306,454,2475,793,5721,8857,32,26,175,0,36839
STATE - NCT OF DELHI,Total,No Cooking,0,0,0,0,0,0,0,0,0,9533,9533
STATE - NCT OF DELHI,Rural,Total,8927,1241,2907,102,6123,59510,56,65,27,157,79115
STATE - NCT OF DELHI,Rural,Cooking inside house:,7849,964,2641,92,5890,58323,54,62,21,0,75896
STATE - NCT OF DELHI,Rural,Has Kitchen,3365,514,1411,26,638,46950,42,20,9,0,52975
STATE - NCT OF DELHI,Rural,Does not have kitchen,4484,450,1230,66,5252,11373,12,42,12,0,22921
STATE - NCT OF DELHI,Rural,Cooking outside house:,1078,277,266,10,233,1187,2,3,6,0,3062
STATE - NCT OF DELHI,Rural,Has Kitchen,137,92,77,8,41,254,1,0,0,0,610
STATE - NCT OF DELHI,Rural,Does not have kitchen,941,185,189,2,192,933,1,3,6,0,2452
STATE - NCT OF DELHI,Rural,No Cooking,0,0,0,0,0,0,0,0,0,157,157
STATE - NCT OF DELHI,Urban,Total,103364,7853,16580,4374,169320,2944486,1279,2952,1839,9376,3261423
STATE - NCT OF DELHI,Urban,Cooking inside house:,84375,7097,13781,3493,162791,2931240,1242,2915,1657,0,3208591
STATE - NCT OF DELHI,Urban,Has Kitchen,36087,4375,4800,851,28427,2502517,488,2275,625,0,2580445
STATE - NCT OF DELHI,Urban,Does not have kitchen,48288,2722,8981,2642,134364,428723,754,640,1032,0,628146
STATE - NCT OF DELHI,Urban,Cooking outside house:,18989,756,2799,881,6529,13246,37,37,182,0,43456
STATE - NCT OF DELHI,Urban,Has Kitchen,1624,487,513,90,1000,5322,6,14,13,0,9069
STATE - NCT OF DELHI,Urban,Does not have kitchen,17365,269,2286,791,5529,7924,31,23,169,0,34387
STATE - NCT OF DELHI,Urban,No Cooking,0,0,0,0,0,0,0,0,0,9376,9376
STATE - RAJASTHAN,Total,Total,7776685,1381767,372720,13739,112100,2873314,3794,12145,7599,27440,12581303
STATE - RAJASTHAN,Total,Cooking inside house:,6505965,1084955,315911,10837,107074,2817717,3140,11138,6139,0,10862876
STATE - RAJASTHAN,Total,Has Kitchen,2790999,329351,102318,4777,48454,2541577,1525,7867,2453,0,5829321
STATE - RAJASTHAN,Total,Does not have kitchen,3714966,755604,213593,6060,58620,276140,1615,3271,3686,0,5033555
STATE - RAJASTHAN,Total,Cooking outside house:,1270720,296812,56809,2902,5026,55597,654,1007,1460,0,1690987
STATE - RAJASTHAN,Total,Has Kitchen,429180,84016,18001,1545,1488,29909,205,326,317,0,564987
STATE - RAJASTHAN,Total,Does not have kitchen,841540,212796,38808,1357,3538,25688,449,681,1143,0,1126000
STATE - RAJASTHAN,Total,No Cooking,0,0,0,0,0,0,0,0,0,27440,27440
STATE - RAJASTHAN,Rural,Total,7056759,1323176,322150,5461,23567,728987,2972,6928,5430,14933,9490363
STATE - RAJASTHAN,Rural,Cooking inside house:,5871851,1035102,270493,3289,21601,690380,2386,6065,4178,0,7905345
STATE - RAJASTHAN,Rural,Has Kitchen,2508745,308090,78902,1549,9812,612875,1070,3594,1475,0,3526112
STATE - RAJASTHAN,Rural,Does not have kitchen,3363106,727012,191591,1740,11789,77505,1316,2471,2703,0,4379233
STATE - RAJASTHAN,Rural,Cooking outside house:,1184908,288074,51657,2172,1966,38607,586,863,1252,0,1570085
STATE - RAJASTHAN,Rural,Has Kitchen,407883,81662,16418,1257,586,21074,182,278,286,0,529626
STATE - RAJASTHAN,Rural,Does not have kitchen,777025,206412,35239,915,1380,17533,404,585,966,0,1040459
STATE - RAJASTHAN,Rural,No Cooking,0,0,0,0,0,0,0,0,0,14933,14933
STATE - RAJASTHAN,Urban,Total,719926,58591,50570,8278,88533,2144327,822,5217,2169,12507,3090940
STATE - RAJASTHAN,Urban,Cooking inside house:,634114,49853,45418,7548,85473,2127337,754,5073,1961,0,2957531
STATE - RAJASTHAN,Urban,Has Kitchen,282254,21261,23416,3228,38642,1928702,455,4273,978,0,2303209
STATE - RAJASTHAN,Urban,Does not have kitchen,351860,28592,22002,4320,46831,198635,299,800,983,0,654322
STATE - RAJASTHAN,Urban,Cooking outside house:,85812,8738,5152,730,3060,16990,68,144,208,0,120902
STATE - RAJASTHAN,Urban,Has Kitchen,21297,2354,1583,288,902,8835,23,48,31,0,35361
STATE - RAJASTHAN,Urban,Does not have kitchen,64515,6384,3569,442,2158,8155,45,96,177,0,85541
STATE - RAJASTHAN,Urban,No Cooking,0,0,0,0,0,0,0,0,0,12507,12507
STATE - UTTAR PRADESH,Total,Total,15707246,2863975,7613010,82508,238467,6226793,28374,52033,40493,71367,32924266
STATE - UTTAR PRADESH,Total,Cooking inside house:,14224318,2471210,6722528,70739,228194,6113789,25407,47939,34330,0,29938454
STATE - UTTAR PRADESH,Total,Has Kitchen,4343805,602961,1875159,28118,117162,5196748,12065,32301,11363,0,12219682
STATE - UTTAR PRADESH,Total,Does not have kitchen,9880513,1868249,4847369,42621,111032,917041,13342,15638,22967,0,17718772
STATE - UTTAR PRADESH,Total,Cooking outside house:,1482928,392765,890482,11769,10273,113004,2967,4094,6163,0,2914445
STATE - UTTAR PRADESH,Total,Has Kitchen,553398,185818,361617,6202,3975,57044,1229,1881,1732,0,1172896
STATE - UTTAR PRADESH,Total,Does not have kitchen,929530,206947,528865,5567,6298,55960,1738,2213,4431,0,1741549
STATE - UTTAR PRADESH,Total,No Cooking,0,0,0,0,0,0,0,0,0,71367,71367
STATE - UTTAR PRADESH,Rural,Total,13858123,2674187,7098186,29830,57676,1627095,19110,33956,31035,45873,25475071
STATE - UTTAR PRADESH,Rural,Cooking inside house:,12477260,2299437,6245507,21495,52278,1552421,16355,30503,25593,0,22720849
STATE - UTTAR PRADESH,Rural,Has Kitchen,3713331,515629,1722414,8175,25726,1218424,6262,19464,8069,0,7237494
STATE - UTTAR PRADESH,Rural,Does not have kitchen,8763929,1783808,4523093,13320,26552,333997,10093,11039,17524,0,15483355
STATE - UTTAR PRADESH,Rural,Cooking outside house:,1380863,374750,852679,8335,5398,74674,2755,3453,5442,0,2708349
STATE - UTTAR PRADESH,Rural,Has Kitchen,516715,172708,346458,4823,2092,32825,1103,1542,1539,0,1079805
STATE - UTTAR PRADESH,Rural,Does not have kitchen,864148,202042,506221,3512,3306,41849,1652,1911,3903,0,1628544
STATE - UTTAR PRADESH,Rural,No Cooking,0,0,0,0,0,0,0,0,0,45873,45873
STATE - UTTAR PRADESH,Urban,Total,1849123,189788,514824,52678,180791,4599698,9264,18077,9458,25494,7449195
STATE - UTTAR PRADESH,Urban,Cooking inside house:,1747058,171773,477021,49244,175916,4561368,9052,17436,8737,0,7217605
STATE - UTTAR PRADESH,Urban,Has Kitchen,630474,87332,152745,19943,91436,3978324,5803,12837,3294,0,4982188
STATE - UTTAR PRADESH,Urban,Does not have kitchen,1116584,84441,324276,29301,84480,583044,3249,4599,5443,0,2235417
STATE - UTTAR PRADESH,Urban,Cooking outside house:,102065,18015,37803,3434,4875,38330,212,641,721,0,206096
STATE - UTTAR PRADESH,Urban,Has Kitchen,36683,13110,15159,1379,1883,24219,126,339,193,0,93091
STATE - UTTAR PRADESH,Urban,Does not have kitchen,65382,4905,22644,2055,2992,14111,86,302,528,0,113005
STATE - UTTAR PRADESH,Urban,No Cooking,0,0,0,0,0,0,0,0,0,25494,25494
STATE - BIHAR,Total,Total,6578605,6153363,4106831,190559,50777,1528380,22389,47335,228163,34227,18940629
STATE - BIHAR,Total,Cooking inside house:,5600334,4332974,3573272,169319,45325,1473654,17168,42237,170810,0,15425093
STATE - BIHAR,Total,Has Kitchen,1612259,975325,657624,45985,20036,1179186,5233,16838,30942,0,4543428
STATE - BIHAR,Total,Does not have kitchen,3988075,3357649,2915648,123334,25289,294468,11935,25399,139868,0,10881665
STATE - BIHAR,Total,Cooking outside house:,978271,1820389,533559,21240,5452,54726,5221,5098,57353,0,3481309
STATE - BIHAR,Total,Has Kitchen,450417,1034737,244731,9132,2260,29452,1806,2077,20550,0,1795162
STATE - BIHAR,Total,Does not have kitchen,527854,785652,288828,12108,3192,25274,3415,3021,36803,0,1686147
STATE - BIHAR,Total,No Cooking,0,0,0,0,0,0,0,0,0,34227,34227
STATE - BIHAR,Rural,Total,6003023,5998285,3945294,75441,30023,573165,19789,39497,214725,27716,16926958
STATE - BIHAR,Rural,Cooking inside house:,5102284,4212917,3428310,61760,25769,533936,14758,34829,160549,0,13575112
STATE - BIHAR,Rural,Has Kitchen,1488948,944986,634497,18980,10834,402150,3919,12109,28863,0,3545286
STATE - BIHAR,Rural,Does not have kitchen,3613336,3267931,2793813,42780,14935,131786,10839,22720,131686,0,10029826
STATE - BIHAR,Rural,Cooking outside house:,900739,1785368,516984,13681,4254,39229,5031,4668,54176,0,3324130
STATE - BIHAR,Rural,Has Kitchen,423601,1019998,238516,6912,1701,20096,1707,1901,19743,0,1734175
STATE - BIHAR,Rural,Does not have kitchen,477138,765370,278468,6769,2553,19133,3324,2767,34433,0,1589955
STATE - BIHAR,Rural,No Cooking,0,0,0,0,0,0,0,0,0,27716,27716
STATE - BIHAR,Urban,Total,575582,155078,161537,115118,20754,955215,2600,7838,13438,6511,2013671
STATE - BIHAR,Urban,Cooking inside house:,498050,120057,144962,107559,19556,939718,2410,7408,10261,0,1849981
STATE - BIHAR,Urban,Has Kitchen,123311,30339,23127,27005,9202,777036,1314,4729,2079,0,998142
STATE - BIHAR,Urban,Does not have kitchen,374739,89718,121835,80554,10354,162682,1096,2679,8182,0,851839
STATE - BIHAR,Urban,Cooking outside house:,77532,35021,16575,7559,1198,15497,190,430,3177,0,157179
STATE - BIHAR,Urban,Has Kitchen,26816,14739,6215,2220,559,9356,99,176,807,0,60987
STATE - BIHAR,Urban,Does not have kitchen,50716,20282,10360,5339,639,6141,91,254,2370,0,96192
STATE - BIHAR,Urban,No Cooking,0,0,0,0,0,0,0,0,0,6511,6511
STATE - SIKKIM,Total,Total,67310,769,219,100,5633,52871,333,117,37,742,128131
STATE - SIKKIM,Total,Cooking inside house:,38909,584,129,84,5388,48551,308,92,26,0,94071
STATE - SIKKIM,Total,Has Kitchen,34232,510,111,83,3736,45060,285,89,21,0,84127
STATE - SIKKIM,Total,Does not have kitchen,4677,74,18,1,1652,3491,23,3,5,0,9944
STATE - SIKKIM,Total,Cooking outside house:,28401,185,90,16,245,4320,25,25,11,0,33318
STATE - SIKKIM,Total,Has Kitchen,27051,99,85,10,148,3994,17,22,8,0,31434
STATE - SIKKIM,Total,Does not have kitchen,1350,86,5,6,97,326,8,3,3,0,1884
STATE - SIKKIM,Total,No Cooking,0,0,0,0,0,0,0,0,0,742,742
STATE - SIKKIM,Rural,Total,65418,685,198,34,2656,22438,307,84,28,522,92370
STATE - SIKKIM,Rural,Cooking inside house:,37464,505,112,18,2465,18613,282,60,19,0,59538
STATE - SIKKIM,Rural,Has Kitchen,33005,437,96,17,1771,17185,266,59,14,0,52850
STATE - SIKKIM,Rural,Does not have kitchen,4459,68,16,1,694,1428,16,1,5,0,6688
STATE - SIKKIM,Rural,Cooking outside house:,27954,180,86,16,191,3825,25,24,9,0,32310
STATE - SIKKIM,Rural,Has Kitchen,26629,94,81,10,112,3546,17,21,7,0,30517
STATE - SIKKIM,Rural,Does not have kitchen,1325,86,5,6,79,279,8,3,2,0,1793
STATE - SIKKIM,Rural,No Cooking,0,0,0,0,0,0,0,0,0,522,522
STATE - SIKKIM,Urban,Total,1892,84,21,66,2977,30433,26,33,9,220,35761
STATE - SIKKIM,Urban,Cooking inside house:,1445,79,17,66,2923,29938,26,32,7,0,34533
STATE - SIKKIM,Urban,Has Kitchen,1227,73,15,66,1965,27875,19,30,7,0,31277
STATE - SIKKIM,Urban,Does not have kitchen,218,6,2,0,958,2063,7,2,0,0,3256
STATE - SIKKIM,Urban,Cooking outside house:,447,5,4,0,54,495,0,1,2,0,1008
STATE - SIKKIM,Urban,Has Kitchen,422,5,4,0,36,448,0,1,1,0,917
STATE - SIKKIM,Urban,Does not have kitchen,25,0,0,0,18,47,0,0,1,0,91
STATE - SIKKIM,Urban,No Cooking,0,0,0,0,0,0,0,0,0,220,220
STATE - ARUNACHAL PRADESH,Total,Total,179606,1789,206,56,1929,76445,303,348,136,796,261614
STATE - ARUNACHAL PRADESH,Total,Cooking inside house:,171363,1551,140,49,1875,73672,276,316,118,0,249360
STATE - ARUNACHAL PRADESH,Total,Has Kitchen,151202,1309,92,43,1537,69782,229,296,85,0,224575
STATE - ARUNACHAL PRADESH,Total,Does not have kitchen,20161,242,48,6,338,3890,47,20,33,0,24785
STATE - ARUNACHAL PRADESH,Total,Cooking outside house:,8243,238,66,7,54,2773,27,32,18,0,11458
STATE - ARUNACHAL PRADESH,Total,Has Kitchen,6195,118,61,4,30,2435,7,24,14,0,8888
STATE - ARUNACHAL PRADESH,Total,Does not have kitchen,2048,120,5,3,24,338,20,8,4,0,2570
STATE - ARUNACHAL PRADESH,Total,No Cooking,0,0,0,0,0,0,0,0,0,796,796
STATE - ARUNACHAL PRADESH,Rural,Total,166976,1472,155,38,912,25363,168,169,83,387,195723
STATE - ARUNACHAL PRADESH,Rural,Cooking inside house:,159376,1260,97,35,874,23916,143,143,78,0,185922
STATE - ARUNACHAL PRADESH,Rural,Has Kitchen,140410,1059,58,29,799,22578,122,133,62,0,165250
STATE - ARUNACHAL PRADESH,Rural,Does not have kitchen,18966,201,39,6,75,1338,21,10,16,0,20672
STATE - ARUNACHAL PRADESH,Rural,Cooking outside house:,7600,212,58,3,38,1447,25,26,5,0,9414
STATE - ARUNACHAL PRADESH,Rural,Has Kitchen,5639,103,53,1,18,1181,5,20,3,0,7023
STATE - ARUNACHAL PRADESH,Rural,Does not have kitchen,1961,109,5,2,20,266,20,6,2,0,2391
STATE - ARUNACHAL PRADESH,Rural,No Cooking,0,0,0,0,0,0,0,0,0,387,387
STATE - ARUNACHAL PRADESH,Urban,Total,12630,317,51,18,1017,51082,135,179,53,409,65891
STATE - ARUNACHAL PRADESH,Urban,Cooking inside house:,11987,291,43,14,1001,49756,133,173,40,0,63438
STATE - ARUNACHAL PRADESH,Urban,Has Kitchen,10792,250,34,14,738,47204,107,163,23,0,59325
STATE - ARUNACHAL PRADESH,Urban,Does not have kitchen,1195,41,9,0,263,2552,26,10,17,0,4113
STATE - ARUNACHAL PRADESH,Urban,Cooking outside house:,643,26,8,4,16,1326,2,6,13,0,2044
STATE - ARUNACHAL PRADESH,Urban,Has Kitchen,556,15,8,3,12,1254,2,4,11,0,1865
STATE - ARUNACHAL PRADESH,Urban,Does not have kitchen,87,11,0,1,4,72,0,2,2,0,179
STATE - ARUNACHAL PRADESH,Urban,No Cooking,0,0,0,0,0,0,0,0,0,409,409
STATE - NAGALAND,Total,Total,311709,3108,397,156,2577,79824,498,402,341,953,399965
STATE - NAGALAND,Total,Cooking inside house:,285696,2856,332,141,2428,73537,461,360,319,0,366130
STATE - NAGALAND,Total,Has Kitchen,278138,2290,279,102,1808,70772,423,347,303,0,354462
STATE - NAGALAND,Total,Does not have kitchen,7558,566,53,39,620,2765,38,13,16,0,11668
STATE - NAGALAND,Total,Cooking outside house:,26013,252,65,15,149,6287,37,42,22,0,32882
STATE - NAGALAND,Total,Has Kitchen,23182,90,52,10,50,5874,27,27,17,0,29329
STATE - NAGALAND,Total,Does not have kitchen,2831,162,13,5,99,413,10,15,5,0,3553
STATE - NAGALAND,Total,No Cooking,0,0,0,0,0,0,0,0,0,953,953
STATE - NAGALAND,Rural,Total,261537,2294,251,93,407,19136,379,187,103,524,284911
STATE - NAGALAND,Rural,Cooking inside house:,239431,2066,204,82,383,16744,353,152,87,0,259502
STATE - NAGALAND,Rural,Has Kitchen,233024,1559,162,51,324,16439,329,146,79,0,252113
STATE - NAGALAND,Rural,Does not have kitchen,6407,507,42,31,59,305,24,6,8,0,7389
STATE - NAGALAND,Rural,Cooking outside house:,22106,228,47,11,24,2392,26,35,16,0,24885
STATE - NAGALAND,Rural,Has Kitchen,19357,66,35,6,7,2166,16,20,11,0,21684
STATE - NAGALAND,Rural,Does not have kitchen,2749,162,12,5,17,226,10,15,5,0,3201
STATE - NAGALAND,Rural,No Cooking,0,0,0,0,0,0,0,0,0,524,524
STATE - NAGALAND,Urban,Total,50172,814,146,63,2170,60688,119,215,238,429,115054
STATE - NAGALAND,Urban,Cooking inside house:,46265,790,128,59,2045,56793,108,208,232,0,106628
STATE - NAGALAND,Urban,Has Kitchen,45114,731,117,51,1484,54333,94,201,224,0,102349
STATE - NAGALAND,Urban,Does not have kitchen,1151,59,11,8,561,2460,14,7,8,0,4279
STATE - NAGALAND,Urban,Cooking outside house:,3907,24,18,4,125,3895,11,7,6,0,7997
STATE - NAGALAND,Urban,Has Kitchen,3825,24,17,4,43,3708,11,7,6,0,7645
STATE - NAGALAND,Urban,Does not have kitchen,82,0,1,0,82,187,0,0,0,0,352
STATE - NAGALAND,Urban,No Cooking,0,0,0,0,0,0,0,0,0,429,429
STATE - MANIPUR,Total,Total,377449,6261,1155,10738,851,153084,350,1222,3121,482,554713
STATE - MANIPUR,Total,Cooking inside house:,337706,5582,824,10233,803,147464,300,1129,2967,0,507008
STATE - MANIPUR,Total,Has Kitchen,312063,4943,668,9024,695,143817,269,1037,2786,0,475302
STATE - MANIPUR,Total,Does not have kitchen,25643,639,156,1209,108,3647,31,92,181,0,31706
STATE - MANIPUR,Total,Cooking outside house:,39743,679,331,505,48,5620,50,93,154,0,47223
STATE - MANIPUR,Total,Has Kitchen,34490,354,302,366,39,4592,47,71,133,0,40394
STATE - MANIPUR,Total,Does not have kitchen,5253,325,29,139,9,1028,3,22,21,0,6829
STATE - MANIPUR,Total,No Cooking,0,0,0,0,0,0,0,0,0,482,482
STATE - MANIPUR,Rural,Total,313570,4760,861,4580,411,56415,220,695,1548,253,383313
STATE - MANIPUR,Rural,Cooking inside house:,278526,4152,587,4306,380,52784,189,620,1446,0,342990
STATE - MANIPUR,Rural,Has Kitchen,254811,3610,464,3777,319,51101,169,542,1358,0,316151
STATE - MANIPUR,Rural,Does not have kitchen,23715,542,123,529,61,1683,20,78,88,0,26839
STATE - MANIPUR,Rural,Cooking outside house:,35044,608,274,274,31,3631,31,75,102,0,40070
STATE - MANIPUR,Rural,Has Kitchen,29942,313,249,182,29,2733,28,55,83,0,33614
STATE - MANIPUR,Rural,Does not have kitchen,5102,295,25,92,2,898,3,20,19,0,6456
STATE - MANIPUR,Rural,No Cooking,0,0,0,0,0,0,0,0,0,253,253
STATE - MANIPUR,Urban,Total,63879,1501,294,6158,440,96669,130,527,1573,229,171400
STATE - MANIPUR,Urban,Cooking inside house:,59180,1430,237,5927,423,94680,111,509,1521,0,164018
STATE - MANIPUR,Urban,Has Kitchen,57252,1333,204,5247,376,92716,100,495,1428,0,159151
STATE - MANIPUR,Urban,Does not have kitchen,1928,97,33,680,47,1964,11,14,93,0,4867
STATE - MANIPUR,Urban,Cooking outside house:,4699,71,57,231,17,1989,19,18,52,0,7153
STATE - MANIPUR,Urban,Has Kitchen,4548,41,53,184,10,1859,19,16,50,0,6780
STATE - MANIPUR,Urban,Does not have kitchen,151,30,4,47,7,130,0,2,2,0,373
STATE - MANIPUR,Urban,No Cooking,0,0,0,0,0,0,0,0,0,229,229
STATE - MIZORAM,Total,Total,98367,613,111,965,3880,116166,341,211,109,314,221077
STATE - MIZORAM,Total,Cooking inside house:,96342,572,80,955,3839,115518,338,208,108,0,217960
STATE - MIZORAM,Total,Has Kitchen,76032,423,58,627,3120,103065,267,141,50,0,183783
STATE - MIZORAM,Total,Does not have kitchen,20310,149,22,328,719,12453,71,67,58,0,34177
STATE - MIZORAM,Total,Cooking outside house:,2025,41,31,10,41,648,3,3,1,0,2803
STATE - MIZORAM,Total,Has Kitchen,1013,17,26,7,18,372,1,2,0,0,1456
STATE - MIZORAM,Total,Does not have kitchen,1012,24,5,3,23,276,2,1,1,0,1347
STATE - MIZORAM,Total,No Cooking,0,0,0,0,0,0,0,0,0,314,314
STATE - MIZORAM,Rural,Total,84716,357,78,275,309,18800,99,78,80,82,104874
STATE - MIZORAM,Rural,Cooking inside house:,83013,322,50,272,297,18436,98,75,79,0,102642
STATE - MIZORAM,Rural,Has Kitchen,65902,211,32,166,245,15864,77,67,31,0,82595
STATE - MIZORAM,Rural,Does not have kitchen,17111,111,18,106,52,2572,21,8,48,0,20047
STATE - MIZORAM,Rural,Cooking outside house:,1703,35,28,3,12,364,1,3,1,0,2150
STATE - MIZORAM,Rural,Has Kitchen,761,13,24,2,6,181,0,2,0,0,989
STATE - MIZORAM,Rural,Does not have kitchen,942,22,4,1,6,183,1,1,1,0,1161
STATE - MIZORAM,Rural,No Cooking,0,0,0,0,0,0,0,0,0,82,82
STATE - MIZORAM,Urban,Total,13651,256,33,690,3571,97366,242,133,29,232,116203
STATE - MIZORAM,Urban,Cooking inside house:,13329,250,30,683,3542,97082,240,133,29,0,115318
STATE - MIZORAM,Urban,Has Kitchen,10130,212,26,461,2875,87201,190,74,19,0,101188
STATE - MIZORAM,Urban,Does not have kitchen,3199,38,4,222,667,9881,50,59,10,0,14130
STATE - MIZORAM,Urban,Cooking outside house:,322,6,3,7,29,284,2,0,0,0,653
STATE - MIZORAM,Urban,Has Kitchen,252,4,2,5,12,191,1,0,0,0,467
STATE - MIZORAM,Urban,Does not have kitchen,70,2,1,2,17,93,1,0,0,0,186
STATE - MIZORAM,Urban,No Cooking,0,0,0,0,0,0,0,0,0,232,232
STATE - TRIPURA,Total,Total,678178,6573,1173,694,5294,148637,299,589,705,639,842781
STATE - TRIPURA,Total,Cooking inside house:,604176,5937,960,602,5158,145400,271,575,626,0,763705
STATE - TRIPURA,Total,Has Kitchen,506405,4545,731,428,3508,139183,233,517,371,0,655921
STATE - TRIPURA,Total,Does not have kitchen,97771,1392,229,174,1650,6217,38,58,255,0,107784
STATE - TRIPURA,Total,Cooking outside house:,74002,636,213,92,136,3237,28,14,79,0,78437
STATE - TRIPURA,Total,Has Kitchen,64211,406,192,56,76,2642,22,11,62,0,67678
STATE - TRIPURA,Total,Does not have kitchen,9791,230,21,36,60,595,6,3,17,0,10759
STATE - TRIPURA,Total,No Cooking,0,0,0,0,0,0,0,0,0,639,639
STATE - TRIPURA,Rural,Total,566977,5105,763,528,1100,31920,223,264,559,340,607779
STATE - TRIPURA,Rural,Cooking inside house:,496170,4507,566,440,1022,29305,197,254,485,0,532946
STATE - TRIPURA,Rural,Has Kitchen,409915,3352,392,286,627,27687,168,228,276,0,442931
STATE - TRIPURA,Rural,Does not have kitchen,86255,1155,174,154,395,1618,29,26,209,0,90015
STATE - TRIPURA,Rural,Cooking outside house:,70807,598,197,88,78,2615,26,10,74,0,74493
STATE - TRIPURA,Rural,Has Kitchen,61376,372,179,56,54,2102,20,7,62,0,64228
STATE - TRIPURA,Rural,Does not have kitchen,9431,226,18,32,24,513,6,3,12,0,10265
STATE - TRIPURA,Rural,No Cooking,0,0,0,0,0,0,0,0,0,340,340
STATE - TRIPURA,Urban,Total,111201,1468,410,166,4194,116717,76,325,146,299,235002
STATE - TRIPURA,Urban,Cooking inside house:,108006,1430,394,162,4136,116095,74,321,141,0,230759
STATE - TRIPURA,Urban,Has Kitchen,96490,1193,339,142,2881,111496,65,289,95,0,212990
STATE - TRIPURA,Urban,Does not have kitchen,11516,237,55,20,1255,4599,9,32,46,0,17769
STATE - TRIPURA,Urban,Cooking outside house:,3195,38,16,4,58,622,2,4,5,0,3944
STATE - TRIPURA,Urban,Has Kitchen,2835,34,13,0,22,540,2,4,0,0,3450
STATE - TRIPURA,Urban,Does not have kitchen,360,4,3,4,36,82,0,0,5,0,494
STATE - TRIPURA,Urban,No Cooking,0,0,0,0,0,0,0,0,0,299,299
STATE - MEGHALAYA,Total,Total,425353,4601,1349,12355,20050,63768,8417,991,468,947,538299
STATE - MEGHALAYA,Total,Cooking inside house:,319203,3658,428,12103,19681,60913,8251,919,388,0,425544
STATE - MEGHALAYA,Total,Has Kitchen,285620,2872,323,10984,17530,59338,8096,889,360,0,386012
STATE - MEGHALAYA,Total,Does not have kitchen,33583,786,105,1119,2151,1575,155,30,28,0,39532
STATE - MEGHALAYA,Total,Cooking outside house:,106150,943,921,252,369,2855,166,72,80,0,111808
STATE - MEGHALAYA,Total,Has Kitchen,97228,709,875,130,242,2634,102,64,39,0,102023
STATE - MEGHALAYA,Total,Does not have kitchen,8922,234,46,122,127,221,64,8,41,0,9785
STATE - MEGHALAYA,Total,No Cooking,0,0,0,0,0,0,0,0,0,947,947
STATE - MEGHALAYA,Rural,Total,395409,4108,1243,2935,2884,10783,3219,549,381,686,422197
STATE - MEGHALAYA,Rural,Cooking inside house:,295840,3219,352,2750,2721,9917,3098,486,303,0,318686
STATE - MEGHALAYA,Rural,Has Kitchen,264030,2485,259,2380,2408,9530,3030,463,282,0,284867
STATE - MEGHALAYA,Rural,Does not have kitchen,31810,734,93,370,313,387,68,23,21,0,33819
STATE - MEGHALAYA,Rural,Cooking outside house:,99569,889,891,185,163,866,121,63,78,0,102825
STATE - MEGHALAYA,Rural,Has Kitchen,90845,671,845,86,77,703,60,55,38,0,93380
STATE - MEGHALAYA,Rural,Does not have kitchen,8724,218,46,99,86,163,61,8,40,0,9445
STATE - MEGHALAYA,Rural,No Cooking,0,0,0,0,0,0,0,0,0,686,686
STATE - MEGHALAYA,Urban,Total,29944,493,106,9420,17166,52985,5198,442,87,261,116102
STATE - MEGHALAYA,Urban,Cooking inside house:,23363,439,76,9353,16960,50996,5153,433,85,0,106858
STATE - MEGHALAYA,Urban,Has Kitchen,21590,387,64,8604,15122,49808,5066,426,78,0,101145
STATE - MEGHALAYA,Urban,Does not have kitchen,1773,52,12,749,1838,1188,87,7,7,0,5713
STATE - MEGHALAYA,Urban,Cooking outside house:,6581,54,30,67,206,1989,45,9,2,0,8983
STATE - MEGHALAYA,Urban,Has Kitchen,6383,38,30,44,165,1931,42,9,1,0,8643
STATE - MEGHALAYA,Urban,Does not have kitchen,198,16,0,23,41,58,3,0,1,0,340
STATE - MEGHALAYA,Urban,No Cooking,0,0,0,0,0,0,0,0,0,261,261
STATE - ASSAM,Total,Total,4591980,410071,54137,6834,39792,1206621,3144,7546,22603,24567,6367295
STATE - ASSAM,Total,Cooking inside house:,3568872,180994,27872,5302,37593,1133282,2662,6348,9825,0,4972750
STATE - ASSAM,Total,Has Kitchen,3177719,138509,21321,4463,26413,1089714,2426,6021,7472,0,4474058
STATE - ASSAM,Total,Does not have kitchen,391153,42485,6551,839,11180,43568,236,327,2353,0,498692
STATE - ASSAM,Total,Cooking outside house:,1023108,229077,26265,1532,2199,73339,482,1198,12778,0,1369978
STATE - ASSAM,Total,Has Kitchen,877038,176600,20957,1191,1289,60665,368,1028,9835,0,1148971
STATE - ASSAM,Total,Does not have kitchen,146070,52477,5308,341,910,12674,114,170,2943,0,221007
STATE - ASSAM,Total,No Cooking,0,0,0,0,0,0,0,0,0,24567,24567
STATE - ASSAM,Rural,Total,4331553,398030,52278,3881,8401,531807,2171,5647,21579,19206,5374553
STATE - ASSAM,Rural,Cooking inside house:,3343568,170908,26412,2547,7227,475823,1712,4536,9050,0,4041783
STATE - ASSAM,Rural,Has Kitchen,2984471,130203,20198,2125,5816,462088,1543,4288,6846,0,3617578
STATE - ASSAM,Rural,Does not have kitchen,359097,40705,6214,422,1411,13735,169,248,2204,0,424205
STATE - ASSAM,Rural,Cooking outside house:,987985,227122,25866,1334,1174,55984,459,1111,12529,0,1313564
STATE - ASSAM,Rural,Has Kitchen,847497,175114,20608,1032,770,44926,347,954,9718,0,1100966
STATE - ASSAM,Rural,Does not have kitchen,140488,52008,5258,302,404,11058,112,157,2811,0,212598
STATE - ASSAM,Rural,No Cooking,0,0,0,0,0,0,0,0,0,19206,19206
STATE - ASSAM,Urban,Total,260427,12041,1859,2953,31391,674814,973,1899,1024,5361,992742
STATE - ASSAM,Urban,Cooking inside house:,225304,10086,1460,2755,30366,657459,950,1812,775,0,930967
STATE - ASSAM,Urban,Has Kitchen,193248,8306,1123,2338,20597,627626,883,1733,626,0,856480
STATE - ASSAM,Urban,Does not have kitchen,32056,1780,337,417,9769,29833,67,79,149,0,74487
STATE - ASSAM,Urban,Cooking outside house:,35123,1955,399,198,1025,17355,23,87,249,0,56414
STATE - ASSAM,Urban,Has Kitchen,29541,1486,349,159,519,15739,21,74,117,0,48005
STATE - ASSAM,Urban,Does not have kitchen,5582,469,50,39,506,1616,2,13,132,0,8409
STATE - ASSAM,Urban,No Cooking,0,0,0,0,0,0,0,0,0,5361,5361
STATE - WEST BENGAL,Total,Total,6637341,5127815,2010585,1585448,429309,3603293,15128,51275,550252,56853,20067299
STATE - WEST BENGAL,Total,Cooking inside house:,5592681,4334084,1711916,1432896,414937,3533707,13385,47110,442153,0,17522869
STATE - WEST BENGAL,Total,Has Kitchen,3565812,2153997,913625,657060,176178,3147489,9244,39722,190068,0,10853195
STATE - WEST BENGAL,Total,Does not have kitchen,2026869,2180087,798291,775836,238759,386218,4141,7388,252085,0,6669674
STATE - WEST BENGAL,Total,Cooking outside house:,1044660,793731,298669,152552,14372,69586,1743,4165,108099,0,2487577
STATE - WEST BENGAL,Total,Has Kitchen,632614,389292,176213,78491,5780,44391,768,2697,46371,0,1376617
STATE - WEST BENGAL,Total,Does not have kitchen,412046,404439,122456,74061,8592,25195,975,1468,61728,0,1110960
STATE - WEST BENGAL,Total,No Cooking,0,0,0,0,0,0,0,0,0,56853,56853
STATE - WEST BENGAL,Rural,Total,5375684,4899863,1865856,452721,27164,543381,8064,23391,494229,26833,13717186
STATE - WEST BENGAL,Rural,Cooking inside house:,4466769,4141828,1583993,377342,24046,500520,6557,19764,393508,0,11514327
STATE - WEST BENGAL,Rural,Has Kitchen,2937380,2066482,855031,218519,11426,445549,4055,16282,171468,0,6726192
STATE - WEST BENGAL,Rural,Does not have kitchen,1529389,2075346,728962,158823,12620,54971,2502,3482,222040,0,4788135
STATE - WEST BENGAL,Rural,Cooking outside house:,908915,758035,281863,75379,3118,42861,1507,3627,100721,0,2176026
STATE - WEST BENGAL,Rural,Has Kitchen,552562,371708,166347,43740,1366,25450,630,2315,43120,0,1207238
STATE - WEST BENGAL,Rural,Does not have kitchen,356353,386327,115516,31639,1752,17411,877,1312,57601,0,968788
STATE - WEST BENGAL,Rural,No Cooking,0,0,0,0,0,0,0,0,0,26833,26833
STATE - WEST BENGAL,Urban,Total,1261657,227952,144729,1132727,402145,3059912,7064,27884,56023,30020,6350113
STATE - WEST BENGAL,Urban,Cooking inside house:,1125912,192256,127923,1055554,390891,3033187,6828,27346,48645,0,6008542
STATE - WEST BENGAL,Urban,Has Kitchen,628432,87515,58594,438541,164752,2701940,5189,23440,18600,0,4127003
STATE - WEST BENGAL,Urban,Does not have kitchen,497480,104741,69329,617013,226139,331247,1639,3906,30045,0,1881539
STATE - WEST BENGAL,Urban,Cooking outside house:,135745,35696,16806,77173,11254,26725,236,538,7378,0,311551
STATE - WEST BENGAL,Urban,Has Kitchen,80052,17584,9866,34751,4414,18941,138,382,3251,0,169379
STATE - WEST BENGAL,Urban,Does not have kitchen,55693,18112,6940,42422,6840,7784,98,156,4127,0,142172
STATE - WEST BENGAL,Urban,No Cooking,0,0,0,0,0,0,0,0,0,30020,30020
STATE - JHARKHAND,Total,Total,3557421,249098,443552,1121179,14578,720832,21076,6595,39173,8103,6181607
STATE - JHARKHAND,Total,Cooking inside house:,3359798,212050,410982,1035846,13788,713067,20706,6198,35041,0,5807476
STATE - JHARKHAND,Total,Has Kitchen,1068665,66844,91995,379647,7342,646298,17784,3119,9542,0,2291236
STATE - JHARKHAND,Total,Does not have kitchen,2291133,145206,318987,656199,6446,66769,2922,3079,25499,0,3516240
STATE - JHARKHAND,Total,Cooking outside house:,197623,37048,32570,85333,790,7765,370,397,4132,0,366028
STATE - JHARKHAND,Total,Has Kitchen,77981,16078,14368,31367,288,3934,135,189,1318,0,145658
STATE - JHARKHAND,Total,Does not have kitchen,119642,20970,18202,53966,502,3831,235,208,2814,0,220370
STATE - JHARKHAND,Total,No Cooking,0,0,0,0,0,0,0,0,0,8103,8103
STATE - JHARKHAND,Rural,Total,3356079,226702,413517,551648,4521,91021,3698,4284,30228,4267,4685965
STATE - JHARKHAND,Rural,Cooking inside house:,3173479,196839,383658,505958,4193,87228,3486,3989,27030,0,4385860
STATE - JHARKHAND,Rural,Has Kitchen,1007113,58039,84498,174362,1680,73501,2380,1278,7429,0,1410280
STATE - JHARKHAND,Rural,Does not have kitchen,2166366,138800,299160,331596,2513,13727,1106,2711,19601,0,2975580
STATE - JHARKHAND,Rural,Cooking outside house:,182600,29863,29859,45690,328,3793,212,295,3198,0,295838
STATE - JHARKHAND,Rural,Has Kitchen,72789,14414,13372,19064,125,1553,50,155,1132,0,122654
STATE - JHARKHAND,Rural,Does not have kitchen,109811,15449,16487,26626,203,2240,162,140,2066,0,173184
STATE - JHARKHAND,Rural,No Cooking,0,0,0,0,0,0,0,0,0,4267,4267
STATE - JHARKHAND,Urban,Total,201342,22396,30035,569531,10057,629811,17378,2311,8945,3836,1495642
STATE - JHARKHAND,Urban,Cooking inside house:,186319,15211,27324,529888,9595,625839,17220,2209,8011,0,1421616
STATE - JHARKHAND,Urban,Has Kitchen,61552,8805,7497,205285,5662,572797,15404,1841,2113,0,880956
STATE - JHARKHAND,Urban,Does not have kitchen,124767,6406,19827,324603,3933,53042,1816,368,5898,0,540660
STATE - JHARKHAND,Urban,Cooking outside house:,15023,7185,2711,39643,462,3972,158,102,934,0,70190
STATE - JHARKHAND,Urban,Has Kitchen,5192,1664,996,12303,163,2381,85,34,186,0,23004
STATE - JHARKHAND,Urban,Does not have kitchen,9831,5521,1715,27340,299,1591,73,68,748,0,47186
STATE - JHARKHAND,Urban,No Cooking,0,0,0,0,0,0,0,0,0,3836,3836
STATE - ODISHA,Total,Total,6279473,982828,910402,152981,107322,949203,42568,14920,193713,27675,9661085
STATE - ODISHA,Total,Cooking inside house:,5305141,619129,583267,126396,98254,921839,39525,12816,129973,0,7836340
STATE - ODISHA,Total,Has Kitchen,3293526,324482,334396,85877,61699,867798,33745,10857,68696,0,5081076
STATE - ODISHA,Total,Does not have kitchen,2011615,294647,248871,40519,36555,54041,5780,1959,61277,0,2755264
STATE - ODISHA,Total,Cooking outside house:,974332,363699,327135,26585,9068,27364,3043,2104,63740,0,1797070
STATE - ODISHA,Total,Has Kitchen,539502,194000,198485,12712,3880,17280,1588,1185,23207,0,991839
STATE - ODISHA,Total,Does not have kitchen,434830,169699,128650,13873,5188,10084,1455,919,40533,0,805231
STATE - ODISHA,Total,No Cooking,0,0,0,0,0,0,0,0,0,27675,27675
STATE - ODISHA,Rural,Total,5750957,949225,870802,67431,21970,249134,16953,11631,186205,19704,8144012
STATE - ODISHA,Rural,Cooking inside house:,4862238,594480,555171,51394,18557,229496,14545,9654,124270,0,6459805
STATE - ODISHA,Rural,Has Kitchen,3039313,309992,321159,38551,12111,211587,12065,8038,66269,0,4019085
STATE - ODISHA,Rural,Does not have kitchen,1822925,284488,234012,12843,6446,17909,2480,1616,58001,0,2440720
STATE - ODISHA,Rural,Cooking outside house:,888719,354745,315631,16037,3413,19638,2408,1977,61935,0,1664503
STATE - ODISHA,Rural,Has Kitchen,498659,189589,193011,8620,1327,11994,1282,1116,22738,0,928336
STATE - ODISHA,Rural,Does not have kitchen,390060,165156,122620,7417,2086,7644,1126,861,39197,0,736167
STATE - ODISHA,Rural,No Cooking,0,0,0,0,0,0,0,0,0,19704,19704
STATE - ODISHA,Urban,Total,528516,33603,39600,85550,85352,700069,25615,3289,7508,7971,1517073
STATE - ODISHA,Urban,Cooking inside house:,442903,24649,28096,75002,79697,692343,24980,3162,5703,0,1376535
STATE - ODISHA,Urban,Has Kitchen,254213,14490,13237,47326,49588,656211,21680,2819,2427,0,1061991
STATE - ODISHA,Urban,Does not have kitchen,188690,10159,14859,27676,30109,36132,3300,343,3276,0,314544
STATE - ODISHA,Urban,Cooking outside house:,85613,8954,11504,10548,5655,7726,635,127,1805,0,132567
STATE - ODISHA,Urban,Has Kitchen,40843,4411,5474,4092,2553,5286,306,69,469,0,63503
STATE - ODISHA,Urban,Does not have kitchen,44770,4543,6030,6456,3102,2440,329,58,1336,0,69064
STATE - ODISHA,Urban,No Cooking,0,0,0,0,0,0,0,0,0,7971,7971
STATE - CHATTISGARH,Total,Total,4545101,49865,209150,129170,28469,628600,6092,10520,4823,11060,5622850
STATE - CHATTISGARH,Total,Cooking inside house:,4297049,43735,193842,123748,27747,624605,5938,10049,4556,0,5331269
STATE - CHATTISGARH,Total,Has Kitchen,2248848,23185,86778,70452,17863,582917,4710,8351,2165,0,3045269
STATE - CHATTISGARH,Total,Does not have kitchen,2048201,20550,107064,53296,9884,41688,1228,1698,2391,0,2286000
STATE - CHATTISGARH,Total,Cooking outside house:,248052,6130,15308,5422,722,3995,154,471,267,0,280521
STATE - CHATTISGARH,Total,Has Kitchen,97733,3023,6004,1817,237,2074,68,271,75,0,111302
STATE - CHATTISGARH,Total,Does not have kitchen,150319,3107,9304,3605,485,1921,86,200,192,0,169219
STATE - CHATTISGARH,Total,No Cooking,0,0,0,0,0,0,0,0,0,11060,11060
STATE - CHATTISGARH,Rural,Total,4039931,38141,193386,15116,6246,71181,2171,9374,1661,6905,4384112
STATE - CHATTISGARH,Rural,Cooking inside house:,3817656,33179,178981,13927,5985,69691,2058,8931,1510,0,4131918
STATE - CHATTISGARH,Rural,Has Kitchen,1981628,16706,78125,7491,3582,63174,1328,7329,442,0,2159805
STATE - CHATTISGARH,Rural,Does not have kitchen,1836028,16473,100856,6436,2403,6517,730,1602,1068,0,1972113
STATE - CHATTISGARH,Rural,Cooking outside house:,222275,4962,14405,1189,261,1490,113,443,151,0,245289
STATE - CHATTISGARH,Rural,Has Kitchen,87779,2507,5523,468,94,594,38,255,43,0,97301
STATE - CHATTISGARH,Rural,Does not have kitchen,134496,2455,8882,721,167,896,75,188,108,0,147988
STATE - CHATTISGARH,Rural,No Cooking,0,0,0,0,0,0,0,0,0,6905,6905
STATE - CHATTISGARH,Urban,Total,505170,11724,15764,114054,22223,557419,3921,1146,3162,4155,1238738
STATE - CHATTISGARH,Urban,Cooking inside house:,479393,10556,14861,109821,21762,554914,3880,1118,3046,0,1199351
STATE - CHATTISGARH,Urban,Has Kitchen,267220,6479,8653,62961,14281,519743,3382,1022,1723,0,885464
STATE - CHATTISGARH,Urban,Does not have kitchen,212173,4077,6208,46860,7481,35171,498,96,1323,0,313887
STATE - CHATTISGARH,Urban,Cooking outside house:,25777,1168,903,4233,461,2505,41,28,116,0,35232
STATE - CHATTISGARH,Urban,Has Kitchen,9954,516,481,1349,143,1480,30,16,32,0,14001
STATE - CHATTISGARH,Urban,Does not have kitchen,15823,652,422,2884,318,1025,11,12,84,0,21231
STATE - CHATTISGARH,Urban,No Cooking,0,0,0,0,0,0,0,0,0,4155,4155
STATE - MADHYA PRADESH,Total,Total,9939187,841994,1147848,33391,194357,2717504,6876,52252,6916,27272,14967597
STATE - MADHYA PRADESH,Total,Cooking inside house:,9484256,790495,1082343,31349,190726,2696265,6571,50612,6092,0,14338709
STATE - MADHYA PRADESH,Total,Has Kitchen,3657567,213641,419606,17109,98203,2338539,3704,39666,2418,0,6790453
STATE - MADHYA PRADESH,Total,Does not have kitchen,5826689,576854,662737,14240,92523,357726,2867,10946,3674,0,7548256
STATE - MADHYA PRADESH,Total,Cooking outside house:,454931,51499,65505,2042,3631,21239,305,1640,824,0,601616
STATE - MADHYA PRADESH,Total,Has Kitchen,154035,20385,26496,887,1250,9187,101,813,153,0,213307
STATE - MADHYA PRADESH,Total,Does not have kitchen,300896,31114,39009,1155,2381,12052,204,827,671,0,388309
STATE - MADHYA PRADESH,Total,No Cooking,0,0,0,0,0,0,0,0,0,27272,27272
STATE - MADHYA PRADESH,Rural,Total,8746564,794602,1098371,4608,20447,391348,3962,47087,3939,11437,11122365
STATE - MADHYA PRADESH,Rural,Cooking inside house:,8353295,746109,1036328,3819,19606,380157,3706,45515,3435,0,10591970
STATE - MADHYA PRADESH,Rural,Has Kitchen,3175856,191038,401147,2221,10051,308801,1777,35475,1219,0,4127585
STATE - MADHYA PRADESH,Rural,Does not have kitchen,5177439,555071,635181,1598,9555,71356,1929,10040,2216,0,6464385
STATE - MADHYA PRADESH,Rural,Cooking outside house:,393269,48493,62043,789,841,11191,256,1572,504,0,518958
STATE - MADHYA PRADESH,Rural,Has Kitchen,131900,18657,25085,436,266,3898,83,775,114,0,181214
STATE - MADHYA PRADESH,Rural,Does not have kitchen,261369,29836,36958,353,575,7293,173,797,390,0,337744
STATE - MADHYA PRADESH,Rural,No Cooking,0,0,0,0,0,0,0,0,0,11437,11437
STATE - MADHYA PRADESH,Urban,Total,1192623,47392,49477,28783,173910,2326156,2914,5165,2977,15835,3845232
STATE - MADHYA PRADESH,Urban,Cooking inside house:,1130961,44386,46015,27530,171120,2316108,2865,5097,2657,0,3746739
STATE - MADHYA PRADESH,Urban,Has Kitchen,481711,22603,18459,14888,88152,2029738,1927,4191,1199,0,2662868
STATE - MADHYA PRADESH,Urban,Does not have kitchen,649250,21783,27556,12642,82968,286370,938,906,1458,0,1083871
STATE - MADHYA PRADESH,Urban,Cooking outside house:,61662,3006,3462,1253,2790,10048,49,68,320,0,82658
STATE - MADHYA PRADESH,Urban,Has Kitchen,22135,1728,1411,451,984,5289,18,38,39,0,32093
STATE - MADHYA PRADESH,Urban,Does not have kitchen,39527,1278,2051,802,1806,4759,31,30,281,0,50565
STATE - MADHYA PRADESH,Urban,No Cooking,0,0,0,0,0,0,0,0,0,15835,15835
STATE - GUJARAT,Total,Total,5362658,693347,313006,55032,922349,4667397,4548,110748,6203,46430,12181718
STATE - GUJARAT,Total,Cooking inside house:,4103640,490686,234765,49635,876342,4560247,3929,101807,5199,0,10426250
STATE - GUJARAT,Total,Has Kitchen,2483646,283336,154476,25270,530258,4271396,2509,94909,3561,0,7849361
STATE - GUJARAT,Total,Does not have kitchen,1619994,207350,80289,24365,346084,288851,1420,6898,1638,0,2576889
STATE - GUJARAT,Total,Cooking outside house:,1259018,202661,78241,5397,46007,107150,619,8941,1004,0,1709038
STATE - GUJARAT,Total,Has Kitchen,685185,107055,55397,2927,27668,76454,391,7070,435,0,962582
STATE - GUJARAT,Total,Does not have kitchen,573833,95606,22844,2470,18339,30696,228,1871,569,0,746456
STATE - GUJARAT,Total,No Cooking,0,0,0,0,0,0,0,0,0,46430,46430
STATE - GUJARAT,Rural,Total,4592710,653764,243080,9480,208103,967185,3021,65292,2789,19979,6765403
STATE - GUJARAT,Rural,Cooking inside house:,3493131,459856,179452,6844,180924,885302,2530,57398,2141,0,5267578
STATE - GUJARAT,Rural,Has Kitchen,2119276,264094,119078,4090,123052,804529,1372,53996,1325,0,3490812
STATE - GUJARAT,Rural,Does not have kitchen,1373855,195762,60374,2754,57872,80773,1158,3402,816,0,1776766
STATE - GUJARAT,Rural,Cooking outside house:,1099579,193908,63628,2636,27179,81883,491,7894,648,0,1477846
STATE - GUJARAT,Rural,Has Kitchen,607845,102223,46520,1519,16624,56361,299,6193,245,0,837829
STATE - GUJARAT,Rural,Does not have kitchen,491734,91685,17108,1117,10555,25522,192,1701,403,0,640017
STATE - GUJARAT,Rural,No Cooking,0,0,0,0,0,0,0,0,0,19979,19979
STATE - GUJARAT,Urban,Total,769948,39583,69926,45552,714246,3700212,1527,45456,3414,26451,5416315
STATE - GUJARAT,Urban,Cooking inside house:,610509,30830,55313,42791,695418,3674945,1399,44409,3058,0,5158672
STATE - GUJARAT,Urban,Has Kitchen,364370,19242,35398,21180,407206,3466867,1137,40913,2236,0,4358549
STATE - GUJARAT,Urban,Does not have kitchen,246139,11588,19915,21611,288212,208078,262,3496,822,0,800123
STATE - GUJARAT,Urban,Cooking outside house:,159439,8753,14613,2761,18828,25267,128,1047,356,0,231192
STATE - GUJARAT,Urban,Has Kitchen,77340,4832,8877,1408,11044,20093,92,877,190,0,124753
STATE - GUJARAT,Urban,Does not have kitchen,82099,3921,5736,1353,7784,5174,36,170,166,0,106439
STATE - GUJARAT,Urban,No Cooking,0,0,0,0,0,0,0,0,0,26451,26451
STATE - DAMAN & DIU,Total,Total,6530,873,95,114,18606,32021,64,563,82,1433,60381
STATE - DAMAN & DIU,Total,Cooking inside house:,5090,478,89,110,18438,31720,63,562,75,0,56625
STATE - DAMAN & DIU,Total,Has Kitchen,4149,410,40,104,7360,25659,47,276,72,0,38117
STATE - DAMAN & DIU,Total,Does not have kitchen,941,68,49,6,11078,6061,16,286,3,0,18508
STATE - DAMAN & DIU,Total,Cooking outside house:,1440,395,6,4,168,301,1,1,7,0,2323
STATE - DAMAN & DIU,Total,Has Kitchen,1029,317,3,0,135,203,0,0,7,0,1694
STATE - DAMAN & DIU,Total,Does not have kitchen,411,78,3,4,33,98,1,1,0,0,629
STATE - DAMAN & DIU,Total,No Cooking,0,0,0,0,0,0,0,0,0,1433,1433
STATE - DAMAN & DIU,Rural,Total,4753,799,21,5,1337,5397,12,109,76,241,12750
STATE - DAMAN & DIU,Rural,Cooking inside house:,3586,407,15,5,1286,5159,11,108,69,0,10646
STATE - DAMAN & DIU,Rural,Has Kitchen,3149,352,10,5,567,4651,8,108,67,0,8917
STATE - DAMAN & DIU,Rural,Does not have kitchen,437,55,5,0,719,508,3,0,2,0,1729
STATE - DAMAN & DIU,Rural,Cooking outside house:,1167,392,6,0,51,238,1,1,7,0,1863
STATE - DAMAN & DIU,Rural,Has Kitchen,899,314,3,0,31,148,0,0,7,0,1402
STATE - DAMAN & DIU,Rural,Does not have kitchen,268,78,3,0,20,90,1,1,0,0,461
STATE - DAMAN & DIU,Rural,No Cooking,0,0,0,0,0,0,0,0,0,241,241
STATE - DAMAN & DIU,Urban,Total,1777,74,74,109,17269,26624,52,454,6,1192,47631
STATE - DAMAN & DIU,Urban,Cooking inside house:,1504,71,74,105,17152,26561,52,454,6,0,45979
STATE - DAMAN & DIU,Urban,Has Kitchen,1000,58,30,99,6793,21008,39,168,5,0,29200
STATE - DAMAN & DIU,Urban,Does not have kitchen,504,13,44,6,10359,5553,13,286,1,0,16779
STATE - DAMAN & DIU,Urban,Cooking outside house:,273,3,0,4,117,63,0,0,0,0,460
STATE - DAMAN & DIU,Urban,Has Kitchen,130,3,0,0,104,55,0,0,0,0,292
STATE - DAMAN & DIU,Urban,Does not have kitchen,143,0,0,4,13,8,0,0,0,0,168
STATE - DAMAN & DIU,Urban,No Cooking,0,0,0,0,0,0,0,0,0,1192,1192
STATE - DADRA & NAGAR HAVELI,Total,Total,29505,270,155,94,13025,29101,17,277,11,608,73063
STATE - DADRA & NAGAR HAVELI,Total,Cooking inside house:,28302,257,149,92,12862,28887,17,275,10,0,70851
STATE - DADRA & NAGAR HAVELI,Total,Has Kitchen,24143,186,141,34,9093,26972,13,261,8,0,60851
STATE - DADRA & NAGAR HAVELI,Total,Does not have kitchen,4159,71,8,58,3769,1915,4,14,2,0,10000
STATE - DADRA & NAGAR HAVELI,Total,Cooking outside house:,1203,13,6,2,163,214,0,2,1,0,1604
STATE - DADRA & NAGAR HAVELI,Total,Has Kitchen,684,1,4,0,28,109,0,0,0,0,826
STATE - DADRA & NAGAR HAVELI,Total,Does not have kitchen,519,12,2,2,135,105,0,2,1,0,778
STATE - DADRA & NAGAR HAVELI,Total,No Cooking,0,0,0,0,0,0,0,0,0,608,608
STATE - DADRA & NAGAR HAVELI,Rural,Total,25636,181,120,8,5089,4185,6,39,8,136,35408
STATE - DADRA & NAGAR HAVELI,Rural,Cooking inside house:,24583,169,117,8,4955,4036,6,38,8,0,33920
STATE - DADRA & NAGAR HAVELI,Rural,Has Kitchen,20681,106,114,8,3468,3868,2,34,6,0,28287
STATE - DADRA & NAGAR HAVELI,Rural,Does not have kitchen,3902,63,3,0,1487,168,4,4,2,0,5633
STATE - DADRA & NAGAR HAVELI,Rural,Cooking outside house:,1053,12,3,0,134,149,0,1,0,0,1352
STATE - DADRA & NAGAR HAVELI,Rural,Has Kitchen,547,0,1,0,16,54,0,0,0,0,618
STATE - DADRA & NAGAR HAVELI,Rural,Does not have kitchen,506,12,2,0,118,95,0,1,0,0,734
STATE - DADRA & NAGAR HAVELI,Rural,No Cooking,0,0,0,0,0,0,0,0,0,136,136
STATE - DADRA & NAGAR HAVELI,Urban,Total,3869,89,35,86,7936,24916,11,238,3,472,37655
STATE - DADRA & NAGAR HAVELI,Urban,Cooking inside house:,3719,88,32,84,7907,24851,11,237,2,0,36931
STATE - DADRA & NAGAR HAVELI,Urban,Has Kitchen,3462,80,27,26,5625,23104,11,227,2,0,32564
STATE - DADRA & NAGAR HAVELI,Urban,Does not have kitchen,257,8,5,58,2282,1747,0,10,0,0,4367
STATE - DADRA & NAGAR HAVELI,Urban,Cooking outside house:,150,1,3,2,29,65,0,1,1,0,252
STATE - DADRA & NAGAR HAVELI,Urban,Has Kitchen,137,1,3,0,12,55,0,0,0,0,208
STATE - DADRA & NAGAR HAVELI,Urban,Does not have kitchen,13,0,0,2,17,10,0,1,1,0,44
STATE - DADRA & NAGAR HAVELI,Urban,No Cooking,0,0,0,0,0,0,0,0,0,472,472
STATE - MAHARASHTRA,Total,Total,10142773,1082501,293219,52705,1540670,10335795,13143,159887,29763,180124,23830580
STATE - MAHARASHTRA,Total,Cooking inside house:,8752376,855830,255992,47524,1508346,10206838,11676,153735,26187,0,21818504
STATE - MAHARASHTRA,Total,Has Kitchen,5582134,413609,186247,34541,910832,9209701,8399,140728,18373,0,16504564
STATE - MAHARASHTRA,Total,Does not have kitchen,3170242,442221,69745,12983,597514,997137,3277,13007,7814,0,5313940
STATE - MAHARASHTRA,Total,Cooking outside house:,1390397,226671,37227,5181,32324,128957,1467,6152,3576,0,1831952
STATE - MAHARASHTRA,Total,Has Kitchen,637916,102855,19266,2420,12092,50464,604,2325,1650,0,829592
STATE - MAHARASHTRA,Total,Does not have kitchen,752481,123816,17961,2761,20232,78493,863,3827,1926,0,1002360
STATE - MAHARASHTRA,Total,No Cooking,0,0,0,0,0,0,0,0,0,180124,180124
STATE - MAHARASHTRA,Rural,Total,8973762,1003765,262860,16119,215421,2326765,8558,136215,15274,57913,13016652
STATE - MAHARASHTRA,Rural,Cooking inside house:,7678570,783393,227945,12391,202455,2226954,7195,130414,12396,0,11281713
STATE - MAHARASHTRA,Rural,Has Kitchen,4903018,367881,166191,8598,143422,1987601,4806,120100,8301,0,7709918
STATE - MAHARASHTRA,Rural,Does not have kitchen,2775552,415512,61754,3793,59033,239353,2389,10314,4095,0,3571795
STATE - MAHARASHTRA,Rural,Cooking outside house:,1295192,220372,34915,3728,12966,99811,1363,5801,2878,0,1677026
STATE - MAHARASHTRA,Rural,Has Kitchen,595806,99763,17955,1848,4634,35110,540,2086,1358,0,759100
STATE - MAHARASHTRA,Rural,Does not have kitchen,699386,120609,16960,1880,8332,64701,823,3715,1520,0,917926
STATE - MAHARASHTRA,Rural,No Cooking,0,0,0,0,0,0,0,0,0,57913,57913
STATE - MAHARASHTRA,Urban,Total,1169011,78736,30359,36586,1325249,8009030,4585,23672,14489,122211,10813928
STATE - MAHARASHTRA,Urban,Cooking inside house:,1073806,72437,28047,35133,1305891,7979884,4481,23321,13791,0,10536791
STATE - MAHARASHTRA,Urban,Has Kitchen,679116,45728,20056,25943,767410,7222100,3593,20628,10072,0,8794646
STATE - MAHARASHTRA,Urban,Does not have kitchen,394690,26709,7991,9190,538481,757784,888,2693,3719,0,1742145
STATE - MAHARASHTRA,Urban,Cooking outside house:,95205,6299,2312,1453,19358,29146,104,351,698,0,154926
STATE - MAHARASHTRA,Urban,Has Kitchen,42110,3092,1311,572,7458,15354,64,239,292,0,70492
STATE - MAHARASHTRA,Urban,Does not have kitchen,53095,3207,1001,881,11900,13792,40,112,406,0,84434
STATE - MAHARASHTRA,Urban,No Cooking,0,0,0,0,0,0,0,0,0,122211,122211
STATE - ANDHRA PRADESH,Total,Total,11950542,291686,117967,72069,809437,7525445,11079,149059,24760,72490,21024534
STATE - ANDHRA PRADESH,Total,Cooking inside house:,6655009,209170,65360,51642,766632,7062850,9045,133466,19825,0,14972999
STATE - ANDHRA PRADESH,Total,Has Kitchen,3271003,128056,39933,32740,538056,5957420,6634,108153,13891,0,10095886
STATE - ANDHRA PRADESH,Total,Does not have kitchen,3384006,81114,25427,18902,228576,1105430,2411,25313,5934,0,4877113
STATE - ANDHRA PRADESH,Total,Cooking outside house:,5295533,82516,52607,20427,42805,462595,2034,15593,4935,0,5979045
STATE - ANDHRA PRADESH,Total,Has Kitchen,1066059,20486,17490,7245,12522,171757,556,6585,1816,0,1304516
STATE - ANDHRA PRADESH,Total,Does not have kitchen,4229474,62030,35117,13182,30283,290838,1478,9008,3119,0,4674529
STATE - ANDHRA PRADESH,Total,No Cooking,0,0,0,0,0,0,0,0,0,72490,72490
STATE - ANDHRA PRADESH,Rural,Total,10674095,232182,102309,30664,120614,2938126,5729,86355,11986,44249,14246309
STATE - ANDHRA PRADESH,Rural,Cooking inside house:,5741535,157541,52663,17985,101557,2542909,3914,72205,8489,0,8698798
STATE - ANDHRA PRADESH,Rural,Has Kitchen,2767218,91641,31443,10722,64644,1936180,2261,54728,5667,0,4964504
STATE - ANDHRA PRADESH,Rural,Does not have kitchen,2974317,65900,21220,7263,36913,606729,1653,17477,2822,0,3734294
STATE - ANDHRA PRADESH,Rural,Cooking outside house:,4932560,74641,49646,12679,19057,395217,1815,14150,3497,0,5503262
STATE - ANDHRA PRADESH,Rural,Has Kitchen,999166,18065,16262,5304,5048,146728,483,6001,1395,0,1198452
STATE - ANDHRA PRADESH,Rural,Does not have kitchen,3933394,56576,33384,7375,14009,248489,1332,8149,2102,0,4304810
STATE - ANDHRA PRADESH,Rural,No Cooking,0,0,0,0,0,0,0,0,0,44249,44249
STATE - ANDHRA PRADESH,Urban,Total,1276447,59504,15658,41405,688823,4587319,5350,62704,12774,28241,6778225
STATE - ANDHRA PRADESH,Urban,Cooking inside house:,913474,51629,12697,33657,665075,4519941,5131,61261,11336,0,6274201
STATE - ANDHRA PRADESH,Urban,Has Kitchen,503785,36415,8490,22018,473412,4021240,4373,53425,8224,0,5131382
STATE - ANDHRA PRADESH,Urban,Does not have kitchen,409689,15214,4207,11639,191663,498701,758,7836,3112,0,1142819
STATE - ANDHRA PRADESH,Urban,Cooking outside house:,362973,7875,2961,7748,23748,67378,219,1443,1438,0,475783
STATE - ANDHRA PRADESH,Urban,Has Kitchen,66893,2421,1228,1941,7474,25029,73,584,421,0,106064
STATE - ANDHRA PRADESH,Urban,Does not have kitchen,296080,5454,1733,5807,16274,42349,146,859,1017,0,369719
STATE - ANDHRA PRADESH,Urban,No Cooking,0,0,0,0,0,0,0,0,0,28241,28241
STATE - KARNATAKA,Total,Total,7576023,385010,28111,10748,705951,4282430,16765,118936,11342,44595,13179911
STATE - KARNATAKA,Total,Cooking inside house:,7093622,352737,24533,9499,695884,4247926,16291,116180,10604,0,12567276
STATE - KARNATAKA,Total,Has Kitchen,6259720,281929,20854,8304,645953,4195811,15553,113541,9083,0,11550748
STATE - KARNATAKA,Total,Does not have kitchen,833902,70808,3679,1195,49931,52115,738,2639,1521,0,1016528
STATE - KARNATAKA,Total,Cooking outside house:,482401,32273,3578,1249,10067,34504,474,2756,738,0,568040
STATE - KARNATAKA,Total,Has Kitchen,195246,12554,1929,680,3106,6819,135,442,194,0,221105
STATE - KARNATAKA,Total,Does not have kitchen,287155,19719,1649,569,6961,27685,339,2314,544,0,346935
STATE - KARNATAKA,Total,No Cooking,0,0,0,0,0,0,0,0,0,44595,44595
STATE - KARNATAKA,Rural,Total,6447717,336479,22550,4648,85792,862972,5613,76418,5274,16733,7864196
STATE - KARNATAKA,Rural,Cooking inside house:,6020710,306247,19440,3668,81762,834301,5226,73832,4738,0,7349924
STATE - KARNATAKA,Rural,Has Kitchen,5322728,244844,16412,3166,75243,818569,4775,72428,4065,0,6562230
STATE - KARNATAKA,Rural,Does not have kitchen,697982,61403,3028,502,6519,15732,451,1404,673,0,787694
STATE - KARNATAKA,Rural,Cooking outside house:,427007,30232,3110,980,4030,28671,387,2586,536,0,497539
STATE - KARNATAKA,Rural,Has Kitchen,167354,11273,1547,543,551,3505,97,327,117,0,185314
STATE - KARNATAKA,Rural,Does not have kitchen,259653,18959,1563,437,3479,25166,290,2259,419,0,312225
STATE - KARNATAKA,Rural,No Cooking,0,0,0,0,0,0,0,0,0,16733,16733
STATE - KARNATAKA,Urban,Total,1128306,48531,5561,6100,620159,3419458,11152,42518,6068,27862,5315715
STATE - KARNATAKA,Urban,Cooking inside house:,1072912,46490,5093,5831,614122,3413625,11065,42348,5866,0,5217352
STATE - KARNATAKA,Urban,Has Kitchen,936992,37085,4442,5138,570710,3377242,10778,41113,5018,0,4988518
STATE - KARNATAKA,Urban,Does not have kitchen,135920,9405,651,693,43412,36383,287,1235,848,0,228834
STATE - KARNATAKA,Urban,Cooking outside house:,55394,2041,468,269,6037,5833,87,170,202,0,70501
STATE - KARNATAKA,Urban,Has Kitchen,27892,1281,382,137,2555,3314,38,115,77,0,35791
STATE - KARNATAKA,Urban,Does not have kitchen,27502,760,86,132,3482,2519,49,55,125,0,34710
STATE - KARNATAKA,Urban,No Cooking,0,0,0,0,0,0,0,0,0,27862,27862
STATE - GOA,Total,Total,66940,2857,710,397,13328,234803,174,1189,177,2238,322813
STATE - GOA,Total,Cooking inside house:,62257,2273,651,353,12769,231335,167,1168,160,0,311133
STATE - GOA,Total,Has Kitchen,56366,1946,575,320,9628,225649,157,1117,133,0,295891
STATE - GOA,Total,Does not have kitchen,5891,327,76,33,3141,5686,10,51,27,0,15242
STATE - GOA,Total,Cooking outside house:,4683,584,59,44,559,3468,7,21,17,0,9442
STATE - GOA,Total,Has Kitchen,2443,131,38,20,189,1018,3,6,4,0,3852
STATE - GOA,Total,Does not have kitchen,2240,453,21,24,370,2450,4,15,13,0,5590
STATE - GOA,Total,No Cooking,0,0,0,0,0,0,0,0,0,2238,2238
STATE - GOA,Rural,Total,44089,1464,245,132,3244,74187,94,431,56,732,124674
STATE - GOA,Rural,Cooking inside house:,40801,973,209,119,2969,71455,88,415,51,0,117080
STATE - GOA,Rural,Has Kitchen,36908,833,192,111,2298,69868,83,410,42,0,110745
STATE - GOA,Rural,Does not have kitchen,3893,140,17,8,671,1587,5,5,9,0,6335
STATE - GOA,Rural,Cooking outside house:,3288,491,36,13,275,2732,6,16,5,0,6862
STATE - GOA,Rural,Has Kitchen,1351,50,19,2,89,508,2,2,1,0,2024
STATE - GOA,Rural,Does not have kitchen,1937,441,17,11,186,2224,4,14,4,0,4838
STATE - GOA,Rural,No Cooking,0,0,0,0,0,0,0,0,0,732,732
STATE - GOA,Urban,Total,22851,1393,465,265,10084,160616,80,758,121,1506,198139
STATE - GOA,Urban,Cooking inside house:,21456,1300,442,234,9800,159880,79,753,109,0,194053
STATE - GOA,Urban,Has Kitchen,19458,1113,383,209,7330,155781,74,707,91,0,185146
STATE - GOA,Urban,Does not have kitchen,1998,187,59,25,2470,4099,5,46,18,0,8907
STATE - GOA,Urban,Cooking outside house:,1395,93,23,31,284,736,1,5,12,0,2580
STATE - GOA,Urban,Has Kitchen,1092,81,19,18,100,510,1,4,3,0,1828
STATE - GOA,Urban,Does not have kitchen,303,12,4,13,184,226,0,1,9,0,752
STATE - GOA,Urban,No Cooking,0,0,0,0,0,0,0,0,0,1506,1506
STATE - LAKSHADWEEP,Total,Total,5867,1149,13,6,1470,1779,131,18,2,268,10703
STATE - LAKSHADWEEP,Total,Cooking inside house:,3957,412,11,6,1296,1503,123,15,2,0,7325
STATE - LAKSHADWEEP,Total,Has Kitchen,3916,387,11,6,1278,1500,123,15,2,0,7238
STATE - LAKSHADWEEP,Total,Does not have kitchen,41,25,0,0,18,3,0,0,0,0,87
STATE - LAKSHADWEEP,Total,Cooking outside house:,1910,737,2,0,174,276,8,3,0,0,3110
STATE - LAKSHADWEEP,Total,Has Kitchen,1859,685,2,0,155,276,8,2,0,0,2987
STATE - LAKSHADWEEP,Total,Does not have kitchen,51,52,0,0,19,0,0,1,0,0,123
STATE - LAKSHADWEEP,Total,No Cooking,0,0,0,0,0,0,0,0,0,268,268
STATE - LAKSHADWEEP,Rural,Total,921,1124,3,2,307,72,42,3,0,49,2523
STATE - LAKSHADWEEP,Rural,Cooking inside house:,745,387,2,2,277,69,42,2,0,0,1526
STATE - LAKSHADWEEP,Rural,Has Kitchen,734,363,2,2,271,68,42,2,0,0,1484
STATE - LAKSHADWEEP,Rural,Does not have kitchen,11,24,0,0,6,1,0,0,0,0,42
STATE - LAKSHADWEEP,Rural,Cooking outside house:,176,737,1,0,30,3,0,1,0,0,948
STATE - LAKSHADWEEP,Rural,Has Kitchen,165,685,1,0,26,3,0,1,0,0,881
STATE - LAKSHADWEEP,Rural,Does not have kitchen,11,52,0,0,4,0,0,0,0,0,67
STATE - LAKSHADWEEP,Rural,No Cooking,0,0,0,0,0,0,0,0,0,49,49
STATE - LAKSHADWEEP,Urban,Total,4946,25,10,4,1163,1707,89,15,2,219,8180
STATE - LAKSHADWEEP,Urban,Cooking inside house:,3212,25,9,4,1019,1434,81,13,2,0,5799
STATE - LAKSHADWEEP,Urban,Has Kitchen,3182,24,9,4,1007,1432,81,13,2,0,5754
STATE - LAKSHADWEEP,Urban,Does not have kitchen,30,1,0,0,12,2,0,0,0,0,45
STATE - LAKSHADWEEP,Urban,Cooking outside house:,1734,0,1,0,144,273,8,2,0,0,2162
STATE - LAKSHADWEEP,Urban,Has Kitchen,1694,0,1,0,129,273,8,1,0,0,2106
STATE - LAKSHADWEEP,Urban,Does not have kitchen,40,0,0,0,15,0,0,1,0,0,56
STATE - LAKSHADWEEP,Urban,No Cooking,0,0,0,0,0,0,0,0,0,219,219
STATE - KERALA,Total,Total,4777867,61816,4611,4043,27346,2765913,3315,48235,2723,20501,7716370
STATE - KERALA,Total,Cooking inside house:,4552526,56240,3906,3638,25956,2726237,3206,47334,2557,0,7421600
STATE - KERALA,Total,Has Kitchen,4455206,52867,3480,3445,23162,2712910,3145,47101,2387,0,7303703
STATE - KERALA,Total,Does not have kitchen,97320,3373,426,193,2794,13327,61,233,170,0,117897
STATE - KERALA,Total,Cooking outside house:,225341,5576,705,405,1390,39676,109,901,166,0,274269
STATE - KERALA,Total,Has Kitchen,132926,2066,581,263,557,22720,54,440,65,0,159672
STATE - KERALA,Total,Does not have kitchen,92415,3510,124,142,833,16956,55,461,101,0,114597
STATE - KERALA,Total,No Cooking,0,0,0,0,0,0,0,0,0,20501,20501
STATE - KERALA,Rural,Total,2990953,37732,2751,2143,8486,1013198,1547,27320,1204,10340,4095674
STATE - KERALA,Rural,Cooking inside house:,2831484,32974,2243,1876,7803,988214,1466,26620,1107,0,3893787
STATE - KERALA,Rural,Has Kitchen,2760113,30718,1956,1748,6715,981847,1434,26476,1015,0,3812022
STATE - KERALA,Rural,Does not have kitchen,71371,2256,287,128,1088,6367,32,144,92,0,81765
STATE - KERALA,Rural,Cooking outside house:,159469,4758,508,267,683,24984,81,700,97,0,191547
STATE - KERALA,Rural,Has Kitchen,86831,1486,417,168,239,10519,37,279,39,0,100015
STATE - KERALA,Rural,Does not have kitchen,72638,3272,91,99,444,14465,44,421,58,0,91532
STATE - KERALA,Rural,No Cooking,0,0,0,0,0,0,0,0,0,10340,10340
STATE - KERALA,Urban,Total,1786914,24084,1860,1900,18860,1752715,1768,20915,1519,10161,3620696
STATE - KERALA,Urban,Cooking inside house:,1721042,23266,1663,1762,18153,1738023,1740,20714,1450,0,3527813
STATE - KERALA,Urban,Has Kitchen,1695093,22149,1524,1697,16447,1731063,1711,20625,1372,0,3491681
STATE - KERALA,Urban,Does not have kitchen,25949,1117,139,65,1706,6960,29,89,78,0,36132
STATE - KERALA,Urban,Cooking outside house:,65872,818,197,138,707,14692,28,201,69,0,82722
STATE - KERALA,Urban,Has Kitchen,46095,580,164,95,318,12201,17,161,26,0,59657
STATE - KERALA,Urban,Does not have kitchen,19777,238,33,43,389,2491,11,40,43,0,23065
STATE - KERALA,Urban,No Cooking,0,0,0,0,0,0,0,0,0,10161,10161
STATE - TAMIL NADU,Total,Total,8040139,112342,34552,18517,1267647,8864716,11923,55239,9096,78832,18493003
STATE - TAMIL NADU,Total,Cooking inside house:,5144299,88801,20925,10989,1202469,8497514,10976,51034,7322,0,15034329
STATE - TAMIL NADU,Total,Has Kitchen,3465244,65586,15268,8304,1003577,7879279,10160,46733,5788,0,12499939
STATE - TAMIL NADU,Total,Does not have kitchen,1679055,23215,5657,2685,198892,618235,816,4301,1534,0,2534390
STATE - TAMIL NADU,Total,Cooking outside house:,2895840,23541,13627,7528,65178,367202,947,4205,1774,0,3379842
STATE - TAMIL NADU,Total,Has Kitchen,1377990,11709,10933,4515,32644,205439,557,2624,784,0,1647195
STATE - TAMIL NADU,Total,Does not have kitchen,1517850,11832,2694,3013,32534,161763,390,1581,990,0,1732647
STATE - TAMIL NADU,Total,No Cooking,0,0,0,0,0,0,0,0,0,78832,78832
STATE - TAMIL NADU,Rural,Total,6393141,76755,24536,12568,243246,2732932,4328,32634,4513,39246,9563899
STATE - TAMIL NADU,Rural,Cooking inside house:,3861097,56082,12977,6248,211995,2449299,3596,29101,3219,0,6633614
STATE - TAMIL NADU,Rural,Has Kitchen,2491156,39326,8784,4353,168790,2106872,3091,26343,2320,0,4851035
STATE - TAMIL NADU,Rural,Does not have kitchen,1369941,16756,4193,1895,43205,342427,505,2758,899,0,1782579
STATE - TAMIL NADU,Rural,Cooking outside house:,2532044,20673,11559,6320,31251,283633,732,3533,1294,0,2891039
STATE - TAMIL NADU,Rural,Has Kitchen,1195749,9741,9333,3763,15830,152709,416,2179,570,0,1390290
STATE - TAMIL NADU,Rural,Does not have kitchen,1336295,10932,2226,2557,15421,130924,316,1354,724,0,1500749
STATE - TAMIL NADU,Rural,No Cooking,0,0,0,0,0,0,0,0,0,39246,39246
STATE - TAMIL NADU,Urban,Total,1646998,35587,10016,5949,1024401,6131784,7595,22605,4583,39586,8929104
STATE - TAMIL NADU,Urban,Cooking inside house:,1283202,32719,7948,4741,990474,6048215,7380,21933,4103,0,8400715
STATE - TAMIL NADU,Urban,Has Kitchen,974088,26260,6484,3951,834787,5772407,7069,20390,3468,0,7648904
STATE - TAMIL NADU,Urban,Does not have kitchen,309114,6459,1464,790,155687,275808,311,1543,635,0,751811
STATE - TAMIL NADU,Urban,Cooking outside house:,363796,2868,2068,1208,33927,83569,215,672,480,0,488803
STATE - TAMIL NADU,Urban,Has Kitchen,182241,1968,1600,752,16814,52730,141,445,214,0,256905
STATE - TAMIL NADU,Urban,Does not have kitchen,181555,900,468,456,17113,30839,74,227,266,0,231898
STATE - TAMIL NADU,Urban,No Cooking,0,0,0,0,0,0,0,0,0,39586,39586
STATE - PUDUCHERRY,Total,Total,54206,820,263,135,31073,212517,265,179,45,1773,301276
STATE - PUDUCHERRY,Total,Cooking inside house:,34419,627,189,82,28795,204298,261,169,35,0,268875
STATE - PUDUCHERRY,Total,Has Kitchen,18720,475,133,47,19498,179657,242,130,21,0,218923
STATE - PUDUCHERRY,Total,Does not have kitchen,15699,152,56,35,9297,24641,19,39,14,0,49952
STATE - PUDUCHERRY,Total,Cooking outside house:,19787,193,74,53,2278,8219,4,10,10,0,30628
STATE - PUDUCHERRY,Total,Has Kitchen,8602,85,44,33,1151,4610,3,4,2,0,14534
STATE - PUDUCHERRY,Total,Does not have kitchen,11185,108,30,20,1127,3609,1,6,8,0,16094
STATE - PUDUCHERRY,Total,No Cooking,0,0,0,0,0,0,0,0,0,1773,1773
STATE - PUDUCHERRY,Rural,Total,34202,400,150,58,9319,50328,54,53,9,560,95133
STATE - PUDUCHERRY,Rural,Cooking inside house:,19188,255,97,23,8137,44481,53,50,8,0,72292
STATE - PUDUCHERRY,Rural,Has Kitchen,9576,162,55,13,5070,33849,47,36,4,0,48812
STATE - PUDUCHERRY,Rural,Does not have kitchen,9612,93,42,10,3067,10632,6,14,4,0,23480
STATE - PUDUCHERRY,Rural,Cooking outside house:,15014,145,53,35,1182,5847,1,3,1,0,22281
STATE - PUDUCHERRY,Rural,Has Kitchen,6596,60,32,28,571,3189,1,2,0,0,10479
STATE - PUDUCHERRY,Rural,Does not have kitchen,8418,85,21,7,611,2658,0,1,1,0,11802
STATE - PUDUCHERRY,Rural,No Cooking,0,0,0,0,0,0,0,0,0,560,560
STATE - PUDUCHERRY,Urban,Total,20004,420,113,77,21754,162189,211,126,36,1213,206143
STATE - PUDUCHERRY,Urban,Cooking inside house:,15231,372,92,59,20658,159817,208,119,27,0,196583
STATE - PUDUCHERRY,Urban,Has Kitchen,9144,313,78,34,14428,145808,195,94,17,0,170111
STATE - PUDUCHERRY,Urban,Does not have kitchen,6087,59,14,25,6230,14009,13,25,10,0,26472
STATE - PUDUCHERRY,Urban,Cooking outside house:,4773,48,21,18,1096,2372,3,7,9,0,8347
STATE - PUDUCHERRY,Urban,Has Kitchen,2006,25,12,5,580,1421,2,2,2,0,4055
STATE - PUDUCHERRY,Urban,Does not have kitchen,2767,23,9,13,516,951,1,5,7,0,4292
STATE - PUDUCHERRY,Urban,No Cooking,0,0,0,0,0,0,0,0,0,1213,1213
STATE - ANDAMAN & NICOBAR ISLANDS,Total,Total,31578,379,36,12,18445,41539,39,35,49,1264,93376
STATE - ANDAMAN & NICOBAR ISLANDS,Total,Cooking inside house:,22216,298,22,11,17857,40690,37,31,28,0,81190
STATE - ANDAMAN & NICOBAR ISLANDS,Total,Has Kitchen,20849,282,18,11,16611,40091,35,30,24,0,77951
STATE - ANDAMAN & NICOBAR ISLANDS,Total,Does not have kitchen,1367,16,4,0,1246,599,2,1,4,0,3239
STATE - ANDAMAN & NICOBAR ISLANDS,Total,Cooking outside house:,9362,81,14,1,588,849,2,4,21,0,10922
STATE - ANDAMAN & NICOBAR ISLANDS,Total,Has Kitchen,8735,65,14,1,406,655,1,3,18,0,9898
STATE - ANDAMAN & NICOBAR ISLANDS,Total,Does not have kitchen,627,16,0,0,182,194,1,1,3,0,1024
STATE - ANDAMAN & NICOBAR ISLANDS,Total,No Cooking,0,0,0,0,0,0,0,0,0,1264,1264
STATE - ANDAMAN & NICOBAR ISLANDS,Rural,Total,30079,323,32,5,9232,18578,24,21,32,704,59030
STATE - ANDAMAN & NICOBAR ISLANDS,Rural,Cooking inside house:,20934,245,18,4,8802,17771,22,17,13,0,47826
STATE - ANDAMAN & NICOBAR ISLANDS,Rural,Has Kitchen,19730,231,15,4,8224,17502,22,16,12,0,45756
STATE - ANDAMAN & NICOBAR ISLANDS,Rural,Does not have kitchen,1204,14,3,0,578,269,0,1,1,0,2070
STATE - ANDAMAN & NICOBAR ISLANDS,Rural,Cooking outside house:,9145,78,14,1,430,807,2,4,19,0,10500
STATE - ANDAMAN & NICOBAR ISLANDS,Rural,Has Kitchen,8585,65,14,1,295,625,1,3,16,0,9605
STATE - ANDAMAN & NICOBAR ISLANDS,Rural,Does not have kitchen,560,13,0,0,135,182,1,1,3,0,895
STATE - ANDAMAN & NICOBAR ISLANDS,Rural,No Cooking,0,0,0,0,0,0,0,0,0,704,704
STATE - ANDAMAN & NICOBAR ISLANDS,Urban,Total,1499,56,4,7,9213,22961,15,14,17,560,34346
STATE - ANDAMAN & NICOBAR ISLANDS,Urban,Cooking inside house:,1282,53,4,7,9055,22919,15,14,15,0,33364
STATE - ANDAMAN & NICOBAR ISLANDS,Urban,Has Kitchen,1119,51,3,7,8387,22589,13,14,12,0,32195
STATE - ANDAMAN & NICOBAR ISLANDS,Urban,Does not have kitchen,163,2,1,0,668,330,2,0,3,0,1169
STATE - ANDAMAN & NICOBAR ISLANDS,Urban,Cooking outside house:,217,3,0,0,158,42,0,0,2,0,422
STATE - ANDAMAN & NICOBAR ISLANDS,Urban,Has Kitchen,150,0,0,0,111,30,0,0,2,0,293
STATE - ANDAMAN & NICOBAR ISLANDS,Urban,Does not have kitchen,67,3,0,0,47,12,0,0,0,0,129
STATE - ANDAMAN & NICOBAR ISLANDS,Urban,No Cooking,0,0,0,0,0,0,0,0,0,560,560